Workbook

Sheet DOMINGO
C1: ENFOQUE DIARIO! - Nuestra meta | H1: Semana: | K1: Día: | M1: Tienda: | O1: LAS CELDAS EN COLOR VERDE SE LLENAN AUTOMÁTICAMENTE
A2: ¿QÚE ESPERAMOS LOGRAR HOY?
B4: META DEL DÍA | G4: CONVERSIÓN (NO NEGOCIABLE) | L4: OTROS NO NEGOCIABLES | O4: UNIDADES
B5: META DIARIA | G5: TRÁFICO ESPERADO | L5: WEARABLES | N5: 0.15 | O5: {=IF(D7/8100<1,1,D7/8100)} -> 1
B6: ANÁLOGOS | D6: {=D5*0.85} -> 0 | G6: META DE CONVERSIÓN (LY+1P.P) | L6: KIDS | N6: 0.05 | O6: {=IF(D8*N6<1,1,D8*N6)}
B7: WEARABLES | D7: {=D5*0.15} -> 0 | G7: META TRANSACCIONES | J7: {=J5*J6} -> 0 | L7: CAREKITS | N7: 0.3 | O7: {=IF(D8*N7<1,1,D8*N7)}
B8: TOTAL DE UNIDADES | D8: {=D5/N14} | G8: META IDEAL (NS)* | J8: {=D5*1.1} -> 0 | L8: *Si las unidades dan como resultado menor a cero, el objetivo será mínimo una unidad.
G9: *Si tienes adeudo en la semana puedes ajustar la meta ideal
L10: VALORES ACUMULADOS DEL MES (MTD) | N10: VALORES DEL DÍA COMP
B11: META DE PRODUCTIVIDAD | G11: COMP LY | L11: ATV | N11: ATV
B12: VENTA NETA (NS) | D12: {=D5/D31} | G12: VENTA NETA LY (NS)
B13: UNIDADES | D13: {=D8/D31} | L13: AUR | N13: AUR
C16: APERTURA-12pm | D16: 1pm - 2pm | E16: 3pm-4pm | F16: 5pm-6pm | G16: 7pm-CIERRE | H16: TOTAL
B17: TRÁFICO POR HORA | H17: {=SUM(C17:G17)} -> 0
B18: PESO DEL TRÁFICO (%) | C18: {=C17/$H$17} | D18: {=D17/$H$17} | E18: {=E17/$H$17} | F18: {=F17/$H$17} | G18: {=G17/$H$17} | H18: {=H17/$H$17}
B19: META (NS) X HORA | C19: {=C18*$D$5} | D19: {=D18*$D$5} | E19: {=E18*$D$5} | F19: {=F18*$D$5} | G19: {=G18*$D$5} | H19: {=SUM(C19:G19)}
B22: COLABORADORES | D22: HORAS PROGRAMADAS | F22: META DE VENTA | G22: ANALOGOS POR VENDER | I22: WEARABLES POR VENDER | K22: KIDS POR VENDER | L22: CK POR VENDER | M22: Además de cumplir con la meta diaria de la tienda para los No Negociables, cada colaborador debe procurar vender durante su turno al menos: 1 armazón Kids 1 CareKit
F23: {=($D$5/$D$31)*D23} | G23: {=(($D$8-$O$5)/$D$31)*D23}
F24: {=($D$5/$D$31)*D24} | G24: {=(($D$8-$O$5)/$D$31)*D24}
F25: {=($D$5/$D$31)*D25} | G25: {=(($D$8-$O$5)/$D$31)*D25}
F26: {=($D$5/$D$31)*D26} | G26: {=(($D$8-$O$5)/$D$31)*D26}
F27: {=($D$5/$D$31)*D27} | G27: {=(($D$8-$O$5)/$D$31)*D27}
F28: {=($D$5/$D$31)*D28} | G28: {=(($D$8-$O$5)/$D$31)*D28}
F29: {=($D$5/$D$31)*D29} | G29: {=(($D$8-$O$5)/$D$31)*D29}
F30: {=($D$5/$D$31)*D30} | G30: {=(($D$8-$O$5)/$D$31)*D30}
B31: TOTAL | D31: {=SUM(D23:D30)} -> 0 | F31: {=SUM(F23:F30)} | G31: {=SUM(G23:H30)} | I31: {=SUM(I23:I30)} -> 0 | K31: {=O6} | L31: {=O7}
A33: ¿CÓMO VAMOS?
B35: TOTAL DEL DÍA | D35: META | E35: VENTA NETA | F35: META UNIDADES | G35: VENTA UNIDADES | H35: CONVERSION (%) | I35: CRECIMIENTO CONVERSION (%) | K35: WEARABLES % | L35: KIDS% | M35: CAREKITS% | N35: SLP | P35: ONESIGHT
D36: {=D5} -> 0 | E36: {=H48} -> 0 | F36: {=D8} | G36: {=I48+K48} -> 0 | H36: {=F48/E48} | I36: {=H36-J6} | K36: {=K48/G36} | L36: {=M48/G36} | M36: {=N48/G36}
B39: COLABORADOR | D39: HORAS PROGRAMADAS | E39: INTERACCIONES DURANTE EL DÍA | F39: CLIENTES CONVERTIDOS DURANTE EL DÍA | G39: CONVERSION AL CIERRE | H39: VENTA NETA AL CIERRE | I39: UNIDADES ANALOGAS AL CIERRE | J39: DEMOSTRACIONES WEARABLES AL CIERRE | K39: UNIDADES WEARABLES AL CIERRE | L39: CONVERSION WEREABLE | M39: KIDS AL CIERRE | N39: CAREKITS AL CIERRE | R39: SLP EOD
B40: {=B23} -> 0 | D40: {=D23} -> 0 | G40: {=_xlfn.IFERROR(F40/E40,"0")} -> 0 | L40: {=_xlfn.IFERROR(K40/J40,"0")} -> 0
B41: {=B24} -> 0 | D41: {=D24} -> 0 | G41: {=_xlfn.IFERROR(F41/E41,"0")} -> 0 | L41: {=_xlfn.IFERROR(K41/J41,"0")} -> 0
B42: {=B25} -> 0 | D42: {=D25} -> 0 | G42: {=_xlfn.IFERROR(F42/E42,"0")} -> 0 | L42: {=_xlfn.IFERROR(K42/J42,"0")} -> 0
B43: {=B26} -> 0 | D43: {=D26} -> 0 | G43: {=_xlfn.IFERROR(F43/E43,"0")} -> 0 | L43: {=_xlfn.IFERROR(K43/J43,"0")} -> 0
B44: {=B27} -> 0 | D44: {=D27} -> 0 | G44: {=_xlfn.IFERROR(F44/E44,"0")} -> 0 | L44: {=_xlfn.IFERROR(K44/J44,"0")} -> 0
B45: {=B28} -> 0 | D45: {=D28} -> 0 | G45: {=_xlfn.IFERROR(F45/E45,"0")} -> 0 | L45: {=_xlfn.IFERROR(K45/J45,"0")} -> 0
B46: {=B29} -> 0 | D46: {=D29} -> 0 | G46: {=_xlfn.IFERROR(F46/E46,"0")} -> 0 | L46: {=_xlfn.IFERROR(K46/J46,"0")} -> 0
B47: {=B30} -> 0 | D47: {=D30} -> 0 | G47: {=_xlfn.IFERROR(F47/E47,"0")} -> 0 | L47: {=_xlfn.IFERROR(K47/J47,"0")} -> 0
B48: TOTAL | D48: {=SUM(D40:D42)} -> 0 | E48: {=SUM(E40:E47)} -> 0 | F48: {=SUM(F40:F47)} -> 0 | G48: {=_xlfn.IFERROR(F48/E48,"0")} -> 0 | H48: {=SUM(H40:H47)} -> 0 | I48: {=SUM(I40:I47)} -> 0 | J48: {=SUM(J40:J47)} -> 0 | K48: {=SUM(K40:K47)} -> 0 | L48: {=_xlfn.IFERROR(K48/J48,"0")} -> 0 | M48: {=SUM(M40:M47)} -> 0 | N48: {=SUM(N40:N47)} -> 0 | Q48: 3

Sheet PLAN ACCION DOMINGO
C1: ENFOQUE DIARIO! - Nuestro plan de acción | I1: Semana: | K1: Día: | N1: LAS CELDAS EN COLOR VERDE SE LLENAN AUTOMÁTICAMENTE
A2: ¿QÚE ESPERAMOS PARA EL DÍA DE HOY?
B4: HORAS PROGRAMADAS | C4: META (NS) | D4: META PIEZAS | E4: META (NS) PRODUCTIVIDAD | F4: META UNIDADES PRODUCTIVIDAD | I4: ¿Cuál debe ser nuestro ritmo de venta hoy?
B5: {='DOMINGO'!D31} -> 0 | C5: {='DOMINGO'!D5} -> 0 | D5: {='DOMINGO'!D8} | E5: {='DOMINGO'!D12} | F5: {='DOMINGO'!D13}
B7: NUESTROS ESTÁNDARES | I7: NUESTROS NO NEGOCIABLES
B9: LIMPIEZA DE LA TIENDA Barre, limpia y desinfecta. Asegúrate de que la tienda luzca impecable. Pon especial atención al piso de ventas, aparadores, espejos, mobiliario, puerta de acceso, baño y almacén. | I9: RECORDATORIO DE ENTRADA Y SALIDA Al iniciar el día, recuerda al equipo registrar su entrada y, al finalizar su turno, registrar su salida. La precisión de estos registros impacta directamente en los indicadores de productividad.
B10: IMAGEN PERSONAL Somos embajadores de la marca, por lo que nuestra imagen debe reflejar los valores de Sunglass Hut. | I10: SIN USO DE TELÉFONOS CELULARES Evita el uso del teléfono personal durante la jornada laboral. La navegación, publicaciones y mensajes personales deben realizarse fuera del horario de trabajo.
B11: REÚNETE CON EL EQUIPO La junta matutina es clave para tener un gran día. Asegúrate de comunicar: Cómo vamos en la semana y en el mes. La meta del día y las acciones clave para alcanzarla. | I11: MANTENTE FUERA DE LA CAJA Y RESPETA TU ZONA (si aplica) A menos que estés realizando una venta en caja, evita permanecer detrás del mostrador. Si tienes una zona asignada, respétala. Mantén una actitud positiva y utiliza tu energía para atraer clientes a la tienda.
I12: EL SEGUIMIENTO ES FUNDAMENTAL Durante todo el día da seguimiento al desempeño de cada colaborador. El Store Dashboard es la principal herramienta para monitorear resultados, impulsar el desempeño y reaccionar oportunamente cuando las ventas sean lentas.
B14: LOS CINCO SECRETOS / BRANDIES | I14: CUSTOMER JOURNEY
B16: PULIR ES PODER Tu paño de limpieza es una herramienta para generar conexión con el cliente y demostrar el valor del producto. Ofrece limpiar sus lentes al iniciar la conversación para crear una experiencia positiva desde el primer contacto. | I16: EMPIEZA UNA RELACION | L16: GÁNATE SU CONFIANZA | O16: GANA LEALTAD
B17: PÓNTELOS Cuando el cliente se prueba los productos, aumenta su interés y la intención de compra. Utiliza la bandeja de exhibición para ayudarle a comparar opciones e invítalo a probar diferentes modelos hasta encontrar el ideal. | I17: INTERACTÚA Y RELACIONA | L17: DESCUBRE Y APRENDE | O17: VE MÁS ALLÁ
B18: DIVIÉRTETE MÁS La venta no termina con el primer par. Aprovecha la oportunidad para mostrar tres o cuatro opciones adicionales y aumentar las posibilidades de realizar una venta múltiple. | I18: Da la bienvenida genuinamente. | L18: Identifica necesidades (emocional/racional). | O18: Guía la compra con preguntas cerradas.
B19: CUIDALOS Enseñar al cliente cómo cuidar sus lentes mejora su experiencia y fortalece tu papel como asesor especializado. | I19: Observa al cliente y adapta tu acercamiento. | L19: Haz preguntas abiertas, escucha. | O19: Propón formas de pago alternativas.
B20: AJUSTE PERFECTO Un cliente se siente mucho más satisfecho cuando sus lentes quedan perfectamente ajustados. Dedica el tiempo necesario para lograr un ajuste cómodo y personalizado. | I20: Ofrécete a limpiar y ajustar sus gafas. | L20: Recomienda múltiples. | O20: Demuestra que te preocupas, explica cómo cuidar su compra y vuelve a ofrecer Care Kits.
I21: Descubre el próposito de la visita. | L21: Presenta las características como beneficios. | O21: Registra sus datos para el programa de lealtad.
I22: Presenta Wearables, Smart Shopper y las novedades. | L22: Comparte tu experiencia en formas y estilos. Aprovecha promociones y realiza venta adicional (Cross Selling). | O22: Invítalo a compartir su experiencia de compra mediante la encuesta (NPS).
L23: Ofrece Care Kits. | O23: Invítalo a regresar para futuras compras y seguimiento a posibles garantías.
L24: Gestiona las objeciones como oportunidades.
A28: TU ENFOQUE PARA HOY
A29: S: ESPECÍFICO
A30: M: MEDIBLE
A31: A: ALCANZABLE
A32: R: RETO
A33: T: TIEMPO
A34: LOGROS DE HOY Y OPORTUNIDADES PARA MAÑANA

Sheet LUNES
C1: ENFOQUE DIARIO! - Nuestra meta | H1: Semana: | K1: Día: | M1: Tienda: | O1: LAS CELDAS EN COLOR VERDE SE LLENAN AUTOMÁTICAMENTE
A2: ¿QÚE ESPERAMOS LOGRAR HOY?
B4: META DEL DÍA | G4: CONVERSIÓN (NO NEGOCIABLE) | L4: OTROS NO NEGOCIABLES | O4: UNIDADES
B5: META DIARIA | G5: TRÁFICO ESPERADO | L5: WEARABLES | N5: 0.15 | O5: {=IF(D7/8100<1,1,D7/8100)} -> 1
B6: ANÁLOGOS | D6: {=D5*0.85} -> 0 | G6: META DE CONVERSIÓN (LY+1P.P) | L6: KIDS | N6: 0.05 | O6: {=IF(D8*N6<1,1,D8*N6)}
B7: WEARABLES | D7: {=D5*0.15} -> 0 | G7: META TRANSACCIONES | J7: {=J5*J6} -> 0 | L7: CAREKITS | N7: 0.3 | O7: {=IF(D8*N7<1,1,D8*N7)}
B8: TOTAL DE UNIDADES | D8: {=D5/N14} | G8: META IDEAL (NS)* | J8: {=D5*1.1} -> 0 | L8: *Si las unidades dan como resultado menor a cero, el objetivo será mínimo una unidad.
G9: *Si tienes adeudo en la semana puedes ajustar la meta ideal
L10: VALORES ACUMULADOS DEL MES (MTD) | N10: VALORES DEL DÍA COMP
B11: META DE PRODUCTIVIDAD | G11: COMP LY | L11: ATV | N11: ATV
B12: VENTA NETA (NS) | D12: {=D5/D31} | G12: VENTA NETA LY (NS)
B13: UNIDADES | D13: {=D8/D31} | L13: AUR | N13: AUR
C16: APERTURA-12pm | D16: 1pm - 2pm | E16: 3pm-4pm | F16: 5pm-6pm | G16: 7pm-CIERRE | H16: TOTAL
B17: TRÁFICO POR HORA | H17: {=SUM(C17:G17)} -> 0
B18: PESO DEL TRÁFICO (%) | C18: {=C17/$H$17} | D18: {=D17/$H$17} | E18: {=E17/$H$17} | F18: {=F17/$H$17} | G18: {=G17/$H$17} | H18: {=H17/$H$17}
B19: META (NS) X HORA | C19: {=C18*$D$5} | D19: {=D18*$D$5} | E19: {=E18*$D$5} | F19: {=F18*$D$5} | G19: {=G18*$D$5} | H19: {=SUM(C19:G19)}
B22: COLABORADORES | D22: HORAS PROGRAMADAS | F22: META DE VENTA | G22: ANALOGOS POR VENDER | I22: WEARABLES POR VENDER | K22: KIDS POR VENDER | L22: CK POR VENDER | M22: Además de cumplir con la meta diaria de la tienda para los No Negociables, cada colaborador debe procurar vender durante su turno al menos: 1 armazón Kids 1 CareKit
B23: {='DOMINGO'!B23} -> 0 | F23: {=($D$5/$D$31)*D23} | G23: {=(($D$8-$O$5)/$D$31)*D23}
B24: {='DOMINGO'!B24} -> 0 | F24: {=($D$5/$D$31)*D24} | G24: {=(($D$8-$O$5)/$D$31)*D24}
B25: {='DOMINGO'!B25} -> 0 | F25: {=($D$5/$D$31)*D25} | G25: {=(($D$8-$O$5)/$D$31)*D25}
B26: {='DOMINGO'!B26} -> 0 | F26: {=($D$5/$D$31)*D26} | G26: {=(($D$8-$O$5)/$D$31)*D26}
B27: {='DOMINGO'!B27} -> 0 | F27: {=($D$5/$D$31)*D27} | G27: {=(($D$8-$O$5)/$D$31)*D27}
B28: {='DOMINGO'!B28} -> 0 | F28: {=($D$5/$D$31)*D28} | G28: {=(($D$8-$O$5)/$D$31)*D28}
B29: {='DOMINGO'!B29} -> 0 | F29: {=($D$5/$D$31)*D29} | G29: {=(($D$8-$O$5)/$D$31)*D29}
B30: {='DOMINGO'!B30} -> 0 | F30: {=($D$5/$D$31)*D30} | G30: {=(($D$8-$O$5)/$D$31)*D30}
B31: TOTAL | D31: {=SUM(D23:D30)} -> 0 | F31: {=SUM(F23:F30)} | G31: {=SUM(G23:H30)} | I31: {=SUM(I23:I30)} -> 0 | K31: {=O6} | L31: {=O7}
A33: ¿CÓMO VAMOS?
B35: TOTAL DEL DÍA | D35: META | E35: VENTA NETA | F35: META UNIDADES | G35: VENTA UNIDADES | H35: CONVERSION (%) | I35: CRECIMIENTO CONVERSION (%) | K35: WEARABLES % | L35: KIDS% | M35: CAREKITS% | N35: SLP | P35: ONESIGHT
D36: {=D5} -> 0 | E36: {=H48} -> 0 | F36: {=D8} | G36: {=I48+K48} -> 0 | H36: {=F48/E48} | I36: {=H36-J6} | K36: {=K48/G36} | L36: {=M48/G36} | M36: {=N48/G36}
B39: COLABORADOR | D39: HORAS PROGRAMADAS | E39: INTERACCIONES DURANTE EL DÍA | F39: CLIENTES CONVERTIDOS DURANTE EL DÍA | G39: CONVERSION AL CIERRE | H39: VENTA NETA AL CIERRE | I39: UNIDADES ANALOGAS AL CIERRE | J39: DEMOSTRACIONES WEARABLES AL CIERRE | K39: UNIDADES WEARABLES AL CIERRE | L39: CONVERSION WEREABLE | M39: KIDS AL CIERRE | N39: CAREKITS AL CIERRE | R39: SLP EOD
B40: {=B23} -> 0 | D40: {=D23} -> 0 | G40: {=_xlfn.IFERROR(F40/E40,"0")} -> 0 | L40: {=_xlfn.IFERROR(K40/J40,"0")} -> 0
B41: {=B24} -> 0 | D41: {=D24} -> 0 | G41: {=_xlfn.IFERROR(F41/E41,"0")} -> 0 | L41: {=_xlfn.IFERROR(K41/J41,"0")} -> 0
B42: {=B25} -> 0 | D42: {=D25} -> 0 | G42: {=_xlfn.IFERROR(F42/E42,"0")} -> 0 | L42: {=_xlfn.IFERROR(K42/J42,"0")} -> 0
B43: {=B26} -> 0 | D43: {=D26} -> 0 | G43: {=_xlfn.IFERROR(F43/E43,"0")} -> 0 | L43: {=_xlfn.IFERROR(K43/J43,"0")} -> 0
B44: {=B27} -> 0 | D44: {=D27} -> 0 | G44: {=_xlfn.IFERROR(F44/E44,"0")} -> 0 | L44: {=_xlfn.IFERROR(K44/J44,"0")} -> 0
B45: {=B28} -> 0 | D45: {=D28} -> 0 | G45: {=_xlfn.IFERROR(F45/E45,"0")} -> 0 | L45: {=_xlfn.IFERROR(K45/J45,"0")} -> 0
B46: {=B29} -> 0 | D46: {=D29} -> 0 | G46: {=_xlfn.IFERROR(F46/E46,"0")} -> 0 | L46: {=_xlfn.IFERROR(K46/J46,"0")} -> 0
B47: {=B30} -> 0 | D47: {=D30} -> 0 | G47: {=_xlfn.IFERROR(F47/E47,"0")} -> 0 | L47: {=_xlfn.IFERROR(K47/J47,"0")} -> 0
B48: TOTAL | D48: {=SUM(D40:D42)} -> 0 | E48: {=SUM(E40:E47)} -> 0 | F48: {=SUM(F40:F47)} -> 0 | G48: {=_xlfn.IFERROR(F48/E48,"0")} -> 0 | H48: {=SUM(H40:H47)} -> 0 | I48: {=SUM(I40:I47)} -> 0 | J48: {=SUM(J40:J47)} -> 0 | K48: {=SUM(K40:K47)} -> 0 | L48: {=_xlfn.IFERROR(K48/J48,"0")} -> 0 | M48: {=SUM(M40:M47)} -> 0 | N48: {=SUM(N40:N47)} -> 0 | Q48: 3

Sheet PLAN ACCION LUNES
C1: ENFOQUE DIARIO! - Nuestro plan de acción | I1: Semana: | K1: Día: | N1: LAS CELDAS EN COLOR VERDE SE LLENAN AUTOMÁTICAMENTE
A2: ¿QÚE ESPERAMOS PARA EL DÍA DE HOY?
B4: HORAS PROGRAMADAS | C4: META (NS) | D4: META PIEZAS | E4: META (NS) PRODUCTIVIDAD | F4: META UNIDADES PRODUCTIVIDAD | I4: ¿Cuál debe ser nuestro ritmo de venta hoy?
B5: {='LUNES'!D31} -> 0 | C5: {='LUNES'!D5} -> 0 | D5: {='LUNES'!D8} | E5: {='LUNES'!D12} | F5: {='LUNES'!D13}
B7: NUESTROS ESTÁNDARES | I7: NUESTROS NO NEGOCIABLES
B9: LIMPIEZA DE LA TIENDA Barre, limpia y desinfecta. Asegúrate de que la tienda luzca impecable. Pon especial atención al piso de ventas, aparadores, espejos, mobiliario, puerta de acceso, baño y almacén. | I9: RECORDATORIO DE ENTRADA Y SALIDA Al iniciar el día, recuerda al equipo registrar su entrada y, al finalizar su turno, registrar su salida. La precisión de estos registros impacta directamente en los indicadores de productividad.
B10: IMAGEN PERSONAL Somos embajadores de la marca, por lo que nuestra imagen debe reflejar los valores de Sunglass Hut. | I10: SIN USO DE TELÉFONOS CELULARES Evita el uso del teléfono personal durante la jornada laboral. La navegación, publicaciones y mensajes personales deben realizarse fuera del horario de trabajo.
B11: REÚNETE CON EL EQUIPO La junta matutina es clave para tener un gran día. Asegúrate de comunicar: Cómo vamos en la semana y en el mes. La meta del día y las acciones clave para alcanzarla. | I11: MANTENTE FUERA DE LA CAJA Y RESPETA TU ZONA (si aplica) A menos que estés realizando una venta en caja, evita permanecer detrás del mostrador. Si tienes una zona asignada, respétala. Mantén una actitud positiva y utiliza tu energía para atraer clientes a la tienda.
I12: EL SEGUIMIENTO ES FUNDAMENTAL Durante todo el día da seguimiento al desempeño de cada colaborador. El Store Dashboard es la principal herramienta para monitorear resultados, impulsar el desempeño y reaccionar oportunamente cuando las ventas sean lentas.
B14: LOS CINCO SECRETOS / BRANDIES | I14: CUSTOMER JOURNEY
B16: PULIR ES PODER Tu paño de limpieza es una herramienta para generar conexión con el cliente y demostrar el valor del producto. Ofrece limpiar sus lentes al iniciar la conversación para crear una experiencia positiva desde el primer contacto. | I16: EMPIEZA UNA RELACION | L16: GÁNATE SU CONFIANZA | O16: GANA LEALTAD
B17: PÓNTELOS Cuando el cliente se prueba los productos, aumenta su interés y la intención de compra. Utiliza la bandeja de exhibición para ayudarle a comparar opciones e invítalo a probar diferentes modelos hasta encontrar el ideal. | I17: INTERACTÚA Y RELACIONA | L17: DESCUBRE Y APRENDE | O17: VE MÁS ALLÁ
B18: DIVIÉRTETE MÁS La venta no termina con el primer par. Aprovecha la oportunidad para mostrar tres o cuatro opciones adicionales y aumentar las posibilidades de realizar una venta múltiple. | I18: Da la bienvenida genuinamente. | L18: Identifica necesidades (emocional/racional). | O18: Guía la compra con preguntas cerradas.
B19: CUIDALOS Enseñar al cliente cómo cuidar sus lentes mejora su experiencia y fortalece tu papel como asesor especializado. | I19: Observa al cliente y adapta tu acercamiento. | L19: Haz preguntas abiertas, escucha. | O19: Propón formas de pago alternativas.
B20: AJUSTE PERFECTO Un cliente se siente mucho más satisfecho cuando sus lentes quedan perfectamente ajustados. Dedica el tiempo necesario para lograr un ajuste cómodo y personalizado. | I20: Ofrécete a limpiar y ajustar sus gafas. | L20: Recomienda múltiples. | O20: Demuestra que te preocupas, explica cómo cuidar su compra y vuelve a ofrecer Care Kits.
I21: Descubre el próposito de la visita. | L21: Presenta las características como beneficios. | O21: Registra sus datos para el programa de lealtad.
I22: Presenta Wearables, Smart Shopper y las novedades. | L22: Comparte tu experiencia en formas y estilos. Aprovecha promociones y realiza venta adicional (Cross Selling). | O22: Invítalo a compartir su experiencia de compra mediante la encuesta (NPS).
L23: Ofrece Care Kits. | O23: Invítalo a regresar para futuras compras y seguimiento a posibles garantías.
L24: Gestiona las objeciones como oportunidades.
A28: TU ENFOQUE PARA HOY
A29: S: ESPECÍFICO
A30: M: MEDIBLE
A31: A: ALCANZABLE
A32: R: RETO
A33: T: TIEMPO
A34: LOGROS DE HOY Y OPORTUNIDADES PARA MAÑANA

Sheet MARTES
C1: ENFOQUE DIARIO! - Nuestra meta | H1: Semana: | K1: Día: | M1: Tienda: | O1: LAS CELDAS EN COLOR VERDE SE LLENAN AUTOMÁTICAMENTE
A2: ¿QÚE ESPERAMOS LOGRAR HOY?
B4: META DEL DÍA | G4: CONVERSIÓN (NO NEGOCIABLE) | L4: OTROS NO NEGOCIABLES | O4: UNIDADES
B5: META DIARIA | G5: TRÁFICO ESPERADO | L5: WEARABLES | N5: 0.15 | O5: {=IF(D7/8100<1,1,D7/8100)} -> 1
B6: ANÁLOGOS | D6: {=D5*0.85} -> 0 | G6: META DE CONVERSIÓN (LY+1P.P) | L6: KIDS | N6: 0.05 | O6: {=IF(D8*N6<1,1,D8*N6)}
B7: WEARABLES | D7: {=D5*0.15} -> 0 | G7: META TRANSACCIONES | J7: {=J5*J6} -> 0 | L7: CAREKITS | N7: 0.3 | O7: {=IF(D8*N7<1,1,D8*N7)}
B8: TOTAL DE UNIDADES | D8: {=D5/N14} | G8: META IDEAL (NS)* | J8: {=D5*1.1} -> 0 | L8: *Si las unidades dan como resultado menor a cero, el objetivo será mínimo una unidad.
G9: *Si tienes adeudo en la semana puedes ajustar la meta ideal
L10: VALORES ACUMULADOS DEL MES (MTD) | N10: VALORES DEL DÍA COMP
B11: META DE PRODUCTIVIDAD | G11: COMP LY | L11: ATV | N11: ATV
B12: VENTA NETA (NS) | D12: {=D5/D31} | G12: VENTA NETA LY (NS)
B13: UNIDADES | D13: {=D8/D31} | L13: AUR | N13: AUR
C16: APERTURA-12pm | D16: 1pm - 2pm | E16: 3pm-4pm | F16: 5pm-6pm | G16: 7pm-CIERRE | H16: TOTAL
B17: TRÁFICO POR HORA | H17: {=SUM(C17:G17)} -> 0
B18: PESO DEL TRÁFICO (%) | C18: {=C17/$H$17} | D18: {=D17/$H$17} | E18: {=E17/$H$17} | F18: {=F17/$H$17} | G18: {=G17/$H$17} | H18: {=H17/$H$17}
B19: META (NS) X HORA | C19: {=C18*$D$5} | D19: {=D18*$D$5} | E19: {=E18*$D$5} | F19: {=F18*$D$5} | G19: {=G18*$D$5} | H19: {=SUM(C19:G19)}
B22: COLABORADORES | D22: HORAS PROGRAMADAS | F22: META DE VENTA | G22: ANALOGOS POR VENDER | I22: WEARABLES POR VENDER | K22: KIDS POR VENDER | L22: CK POR VENDER | M22: Además de cumplir con la meta diaria de la tienda para los No Negociables, cada colaborador debe procurar vender durante su turno al menos: 1 armazón Kids 1 CareKit
B23: {='DOMINGO'!B23} -> 0 | F23: {=($D$5/$D$31)*D23} | G23: {=(($D$8-$O$5)/$D$31)*D23}
B24: {='DOMINGO'!B24} -> 0 | F24: {=($D$5/$D$31)*D24} | G24: {=(($D$8-$O$5)/$D$31)*D24}
B25: {='DOMINGO'!B25} -> 0 | F25: {=($D$5/$D$31)*D25} | G25: {=(($D$8-$O$5)/$D$31)*D25}
B26: {='DOMINGO'!B26} -> 0 | F26: {=($D$5/$D$31)*D26} | G26: {=(($D$8-$O$5)/$D$31)*D26}
B27: {='DOMINGO'!B27} -> 0 | F27: {=($D$5/$D$31)*D27} | G27: {=(($D$8-$O$5)/$D$31)*D27}
B28: {='DOMINGO'!B28} -> 0 | F28: {=($D$5/$D$31)*D28} | G28: {=(($D$8-$O$5)/$D$31)*D28}
B29: {='DOMINGO'!B29} -> 0 | F29: {=($D$5/$D$31)*D29} | G29: {=(($D$8-$O$5)/$D$31)*D29}
B30: {='DOMINGO'!B30} -> 0 | F30: {=($D$5/$D$31)*D30} | G30: {=(($D$8-$O$5)/$D$31)*D30}
B31: TOTAL | D31: {=SUM(D23:D30)} -> 0 | F31: {=SUM(F23:F30)} | G31: {=SUM(G23:H30)} | I31: {=SUM(I23:I30)} -> 0 | K31: {=O6} | L31: {=O7}
A33: ¿CÓMO VAMOS?
B35: TOTAL DEL DÍA | D35: META | E35: VENTA NETA | F35: META UNIDADES | G35: VENTA UNIDADES | H35: CONVERSION (%) | I35: CRECIMIENTO CONVERSION (%) | K35: WEARABLES % | L35: KIDS% | M35: CAREKITS% | N35: SLP | P35: ONESIGHT
D36: {=D5} -> 0 | E36: {=H48} -> 0 | F36: {=D8} | G36: {=I48+K48} -> 0 | H36: {=F48/E48} | I36: {=H36-J6} | K36: {=K48/G36} | L36: {=M48/G36} | M36: {=N48/G36}
B39: COLABORADOR | D39: HORAS PROGRAMADAS | E39: INTERACCIONES DURANTE EL DÍA | F39: CLIENTES CONVERTIDOS DURANTE EL DÍA | G39: CONVERSION AL CIERRE | H39: VENTA NETA AL CIERRE | I39: UNIDADES ANALOGAS AL CIERRE | J39: DEMOSTRACIONES WEARABLES AL CIERRE | K39: UNIDADES WEARABLES AL CIERRE | L39: CONVERSION WEREABLE | M39: KIDS AL CIERRE | N39: CAREKITS AL CIERRE | R39: SLP EOD
B40: {=B23} -> 0 | D40: {=D23} -> 0 | G40: {=_xlfn.IFERROR(F40/E40,"0")} -> 0 | L40: {=_xlfn.IFERROR(K40/J40,"0")} -> 0
B41: {=B24} -> 0 | D41: {=D24} -> 0 | G41: {=_xlfn.IFERROR(F41/E41,"0")} -> 0 | L41: {=_xlfn.IFERROR(K41/J41,"0")} -> 0
B42: {=B25} -> 0 | D42: {=D25} -> 0 | G42: {=_xlfn.IFERROR(F42/E42,"0")} -> 0 | L42: {=_xlfn.IFERROR(K42/J42,"0")} -> 0
B43: {=B26} -> 0 | D43: {=D26} -> 0 | G43: {=_xlfn.IFERROR(F43/E43,"0")} -> 0 | L43: {=_xlfn.IFERROR(K43/J43,"0")} -> 0
B44: {=B27} -> 0 | D44: {=D27} -> 0 | G44: {=_xlfn.IFERROR(F44/E44,"0")} -> 0 | L44: {=_xlfn.IFERROR(K44/J44,"0")} -> 0
B45: {=B28} -> 0 | D45: {=D28} -> 0 | G45: {=_xlfn.IFERROR(F45/E45,"0")} -> 0 | L45: {=_xlfn.IFERROR(K45/J45,"0")} -> 0
B46: {=B29} -> 0 | D46: {=D29} -> 0 | G46: {=_xlfn.IFERROR(F46/E46,"0")} -> 0 | L46: {=_xlfn.IFERROR(K46/J46,"0")} -> 0
B47: {=B30} -> 0 | D47: {=D30} -> 0 | G47: {=_xlfn.IFERROR(F47/E47,"0")} -> 0 | L47: {=_xlfn.IFERROR(K47/J47,"0")} -> 0
B48: TOTAL | D48: {=SUM(D40:D42)} -> 0 | E48: {=SUM(E40:E47)} -> 0 | F48: {=SUM(F40:F47)} -> 0 | G48: {=_xlfn.IFERROR(F48/E48,"0")} -> 0 | H48: {=SUM(H40:H47)} -> 0 | I48: {=SUM(I40:I47)} -> 0 | J48: {=SUM(J40:J47)} -> 0 | K48: {=SUM(K40:K47)} -> 0 | L48: {=_xlfn.IFERROR(K48/J48,"0")} -> 0 | M48: {=SUM(M40:M47)} -> 0 | N48: {=SUM(N40:N47)} -> 0 | Q48: 3

Sheet PLAN ACCION MARTES 
C1: ENFOQUE DIARIO! - Nuestro plan de acción | I1: Semana: | K1: Día: | N1: LAS CELDAS EN COLOR VERDE SE LLENAN AUTOMÁTICAMENTE
A2: ¿QÚE ESPERAMOS PARA EL DÍA DE HOY?
B4: HORAS PROGRAMADAS | C4: META (NS) | D4: META PIEZAS | E4: META (NS) PRODUCTIVIDAD | F4: META UNIDADES PRODUCTIVIDAD | I4: ¿Cuál debe ser nuestro ritmo de venta hoy?
B5: {='MARTES'!D31} -> 0 | C5: {='MARTES'!D5} -> 0 | D5: {='MARTES'!D8} | E5: {='MARTES'!D12} | F5: {='MARTES'!D13}
B7: NUESTROS ESTÁNDARES | I7: NUESTROS NO NEGOCIABLES
B9: LIMPIEZA DE LA TIENDA Barre, limpia y desinfecta. Asegúrate de que la tienda luzca impecable. Pon especial atención al piso de ventas, aparadores, espejos, mobiliario, puerta de acceso, baño y almacén. | I9: RECORDATORIO DE ENTRADA Y SALIDA Al iniciar el día, recuerda al equipo registrar su entrada y, al finalizar su turno, registrar su salida. La precisión de estos registros impacta directamente en los indicadores de productividad.
B10: IMAGEN PERSONAL Somos embajadores de la marca, por lo que nuestra imagen debe reflejar los valores de Sunglass Hut. | I10: SIN USO DE TELÉFONOS CELULARES Evita el uso del teléfono personal durante la jornada laboral. La navegación, publicaciones y mensajes personales deben realizarse fuera del horario de trabajo.
B11: REÚNETE CON EL EQUIPO La junta matutina es clave para tener un gran día. Asegúrate de comunicar: Cómo vamos en la semana y en el mes. La meta del día y las acciones clave para alcanzarla. | I11: MANTENTE FUERA DE LA CAJA Y RESPETA TU ZONA (si aplica) A menos que estés realizando una venta en caja, evita permanecer detrás del mostrador. Si tienes una zona asignada, respétala. Mantén una actitud positiva y utiliza tu energía para atraer clientes a la tienda.
I12: EL SEGUIMIENTO ES FUNDAMENTAL Durante todo el día da seguimiento al desempeño de cada colaborador. El Store Dashboard es la principal herramienta para monitorear resultados, impulsar el desempeño y reaccionar oportunamente cuando las ventas sean lentas.
B14: LOS CINCO SECRETOS / BRANDIES | I14: CUSTOMER JOURNEY
B16: PULIR ES PODER Tu paño de limpieza es una herramienta para generar conexión con el cliente y demostrar el valor del producto. Ofrece limpiar sus lentes al iniciar la conversación para crear una experiencia positiva desde el primer contacto. | I16: EMPIEZA UNA RELACION | L16: GÁNATE SU CONFIANZA | O16: GANA LEALTAD
B17: PÓNTELOS Cuando el cliente se prueba los productos, aumenta su interés y la intención de compra. Utiliza la bandeja de exhibición para ayudarle a comparar opciones e invítalo a probar diferentes modelos hasta encontrar el ideal. | I17: INTERACTÚA Y RELACIONA | L17: DESCUBRE Y APRENDE | O17: VE MÁS ALLÁ
B18: DIVIÉRTETE MÁS La venta no termina con el primer par. Aprovecha la oportunidad para mostrar tres o cuatro opciones adicionales y aumentar las posibilidades de realizar una venta múltiple. | I18: Da la bienvenida genuinamente. | L18: Identifica necesidades (emocional/racional). | O18: Guía la compra con preguntas cerradas.
B19: CUIDALOS Enseñar al cliente cómo cuidar sus lentes mejora su experiencia y fortalece tu papel como asesor especializado. | I19: Observa al cliente y adapta tu acercamiento. | L19: Haz preguntas abiertas, escucha. | O19: Propón formas de pago alternativas.
B20: AJUSTE PERFECTO Un cliente se siente mucho más satisfecho cuando sus lentes quedan perfectamente ajustados. Dedica el tiempo necesario para lograr un ajuste cómodo y personalizado. | I20: Ofrécete a limpiar y ajustar sus gafas. | L20: Recomienda múltiples. | O20: Demuestra que te preocupas, explica cómo cuidar su compra y vuelve a ofrecer Care Kits.
I21: Descubre el próposito de la visita. | L21: Presenta las características como beneficios. | O21: Registra sus datos para el programa de lealtad.
I22: Presenta Wearables, Smart Shopper y las novedades. | L22: Comparte tu experiencia en formas y estilos. Aprovecha promociones y realiza venta adicional (Cross Selling). | O22: Invítalo a compartir su experiencia de compra mediante la encuesta (NPS).
L23: Ofrece Care Kits. | O23: Invítalo a regresar para futuras compras y seguimiento a posibles garantías.
L24: Gestiona las objeciones como oportunidades.
A28: TU ENFOQUE PARA HOY
A29: S: ESPECÍFICO
A30: M: MEDIBLE
A31: A: ALCANZABLE
A32: R: RETO
A33: T: TIEMPO
A34: LOGROS DE HOY Y OPORTUNIDADES PARA MAÑANA

Sheet MIÉRCOLES
C1: ENFOQUE DIARIO! - Nuestra meta | H1: Semana: | K1: Día: | M1: Tienda: | O1: LAS CELDAS EN COLOR VERDE SE LLENAN AUTOMÁTICAMENTE
A2: ¿QÚE ESPERAMOS LOGRAR HOY?
B4: META DEL DÍA | G4: CONVERSIÓN (NO NEGOCIABLE) | L4: OTROS NO NEGOCIABLES | O4: UNIDADES
B5: META DIARIA | G5: TRÁFICO ESPERADO | L5: WEARABLES | N5: 0.15 | O5: {=IF(D7/8100<1,1,D7/8100)} -> 1
B6: ANÁLOGOS | D6: {=D5*0.85} -> 0 | G6: META DE CONVERSIÓN (LY+1P.P) | L6: KIDS | N6: 0.05 | O6: {=IF(D8*N6<1,1,D8*N6)}
B7: WEARABLES | D7: {=D5*0.15} -> 0 | G7: META TRANSACCIONES | J7: {=J5*J6} -> 0 | L7: CAREKITS | N7: 0.3 | O7: {=IF(D8*N7<1,1,D8*N7)}
B8: TOTAL DE UNIDADES | D8: {=D5/N14} | G8: META IDEAL (NS)* | J8: {=D5*1.1} -> 0 | L8: *Si las unidades dan como resultado menor a cero, el objetivo será mínimo una unidad.
G9: *Si tienes adeudo en la semana puedes ajustar la meta ideal
L10: VALORES ACUMULADOS DEL MES (MTD) | N10: VALORES DEL DÍA COMP
B11: META DE PRODUCTIVIDAD | G11: COMP LY | L11: ATV | N11: ATV
B12: VENTA NETA (NS) | D12: {=D5/D31} | G12: VENTA NETA LY (NS)
B13: UNIDADES | D13: {=D8/D31} | L13: AUR | N13: AUR
C16: APERTURA-12pm | D16: 1pm - 2pm | E16: 3pm-4pm | F16: 5pm-6pm | G16: 7pm-CIERRE | H16: TOTAL
B17: TRÁFICO POR HORA | H17: {=SUM(C17:G17)} -> 0
B18: PESO DEL TRÁFICO (%) | C18: {=C17/$H$17} | D18: {=D17/$H$17} | E18: {=E17/$H$17} | F18: {=F17/$H$17} | G18: {=G17/$H$17} | H18: {=H17/$H$17}
B19: META (NS) X HORA | C19: {=C18*$D$5} | D19: {=D18*$D$5} | E19: {=E18*$D$5} | F19: {=F18*$D$5} | G19: {=G18*$D$5} | H19: {=SUM(C19:G19)}
B22: COLABORADORES | D22: HORAS PROGRAMADAS | F22: META DE VENTA | G22: ANALOGOS POR VENDER | I22: WEARABLES POR VENDER | K22: KIDS POR VENDER | L22: CK POR VENDER | M22: Además de cumplir con la meta diaria de la tienda para los No Negociables, cada colaborador debe procurar vender durante su turno al menos: 1 armazón Kids 1 CareKit
B23: {='DOMINGO'!B23} -> 0 | F23: {=($D$5/$D$31)*D23} | G23: {=(($D$8-$O$5)/$D$31)*D23}
B24: {='DOMINGO'!B24} -> 0 | F24: {=($D$5/$D$31)*D24} | G24: {=(($D$8-$O$5)/$D$31)*D24}
B25: {='DOMINGO'!B25} -> 0 | F25: {=($D$5/$D$31)*D25} | G25: {=(($D$8-$O$5)/$D$31)*D25}
B26: {='DOMINGO'!B26} -> 0 | F26: {=($D$5/$D$31)*D26} | G26: {=(($D$8-$O$5)/$D$31)*D26}
B27: {='DOMINGO'!B27} -> 0 | F27: {=($D$5/$D$31)*D27} | G27: {=(($D$8-$O$5)/$D$31)*D27}
B28: {='DOMINGO'!B28} -> 0 | F28: {=($D$5/$D$31)*D28} | G28: {=(($D$8-$O$5)/$D$31)*D28}
B29: {='DOMINGO'!B29} -> 0 | F29: {=($D$5/$D$31)*D29} | G29: {=(($D$8-$O$5)/$D$31)*D29}
B30: {='DOMINGO'!B30} -> 0 | F30: {=($D$5/$D$31)*D30} | G30: {=(($D$8-$O$5)/$D$31)*D30}
B31: TOTAL | D31: {=SUM(D23:D30)} -> 0 | F31: {=SUM(F23:F30)} | G31: {=SUM(G23:H30)} | I31: {=SUM(I23:I30)} -> 0 | K31: {=O6} | L31: {=O7}
A33: ¿CÓMO VAMOS?
B35: TOTAL DEL DÍA | D35: META | E35: VENTA NETA | F35: META UNIDADES | G35: VENTA UNIDADES | H35: CONVERSION (%) | I35: CRECIMIENTO CONVERSION (%) | K35: WEARABLES % | L35: KIDS% | M35: CAREKITS% | N35: SLP | P35: ONESIGHT
D36: {=D5} -> 0 | E36: {=H48} -> 0 | F36: {=D8} | G36: {=I48+K48} -> 0 | H36: {=F48/E48} | I36: {=H36-J6} | K36: {=K48/G36} | L36: {=M48/G36} | M36: {=N48/G36}
B39: COLABORADOR | D39: HORAS PROGRAMADAS | E39: INTERACCIONES DURANTE EL DÍA | F39: CLIENTES CONVERTIDOS DURANTE EL DÍA | G39: CONVERSION AL CIERRE | H39: VENTA NETA AL CIERRE | I39: UNIDADES ANALOGAS AL CIERRE | J39: DEMOSTRACIONES WEARABLES AL CIERRE | K39: UNIDADES WEARABLES AL CIERRE | L39: CONVERSION WEREABLE | M39: KIDS AL CIERRE | N39: CAREKITS AL CIERRE | R39: SLP EOD
B40: {=B23} -> 0 | D40: {=D23} -> 0 | G40: {=_xlfn.IFERROR(F40/E40,"0")} -> 0 | L40: {=_xlfn.IFERROR(K40/J40,"0")} -> 0
B41: {=B24} -> 0 | D41: {=D24} -> 0 | G41: {=_xlfn.IFERROR(F41/E41,"0")} -> 0 | L41: {=_xlfn.IFERROR(K41/J41,"0")} -> 0
B42: {=B25} -> 0 | D42: {=D25} -> 0 | G42: {=_xlfn.IFERROR(F42/E42,"0")} -> 0 | L42: {=_xlfn.IFERROR(K42/J42,"0")} -> 0
B43: {=B26} -> 0 | D43: {=D26} -> 0 | G43: {=_xlfn.IFERROR(F43/E43,"0")} -> 0 | L43: {=_xlfn.IFERROR(K43/J43,"0")} -> 0
B44: {=B27} -> 0 | D44: {=D27} -> 0 | G44: {=_xlfn.IFERROR(F44/E44,"0")} -> 0 | L44: {=_xlfn.IFERROR(K44/J44,"0")} -> 0
B45: {=B28} -> 0 | D45: {=D28} -> 0 | G45: {=_xlfn.IFERROR(F45/E45,"0")} -> 0 | L45: {=_xlfn.IFERROR(K45/J45,"0")} -> 0
B46: {=B29} -> 0 | D46: {=D29} -> 0 | G46: {=_xlfn.IFERROR(F46/E46,"0")} -> 0 | L46: {=_xlfn.IFERROR(K46/J46,"0")} -> 0
B47: {=B30} -> 0 | D47: {=D30} -> 0 | G47: {=_xlfn.IFERROR(F47/E47,"0")} -> 0 | L47: {=_xlfn.IFERROR(K47/J47,"0")} -> 0
B48: TOTAL | D48: {=SUM(D40:D42)} -> 0 | E48: {=SUM(E40:E47)} -> 0 | F48: {=SUM(F40:F47)} -> 0 | G48: {=_xlfn.IFERROR(F48/E48,"0")} -> 0 | H48: {=SUM(H40:H47)} -> 0 | I48: {=SUM(I40:I47)} -> 0 | J48: {=SUM(J40:J47)} -> 0 | K48: {=SUM(K40:K47)} -> 0 | L48: {=_xlfn.IFERROR(K48/J48,"0")} -> 0 | M48: {=SUM(M40:M47)} -> 0 | N48: {=SUM(N40:N47)} -> 0 | Q48: 3

Sheet PLAN ACCION MIÉRCOLES
C1: ENFOQUE DIARIO! - Nuestro plan de acción | I1: Semana: | K1: Día: | N1: LAS CELDAS EN COLOR VERDE SE LLENAN AUTOMÁTICAMENTE
A2: ¿QÚE ESPERAMOS PARA EL DÍA DE HOY?
B4: HORAS PROGRAMADAS | C4: META (NS) | D4: META PIEZAS | E4: META (NS) PRODUCTIVIDAD | F4: META UNIDADES PRODUCTIVIDAD | I4: ¿Cuál debe ser nuestro ritmo de venta hoy?
B5: {='MIÉRCOLES'!D31} -> 0 | C5: {='MIÉRCOLES'!D5} -> 0 | D5: {='MIÉRCOLES'!D8} | E5: {='MIÉRCOLES'!D12} | F5: {='MIÉRCOLES'!D13}
B7: NUESTROS ESTÁNDARES | I7: NUESTROS NO NEGOCIABLES
B9: LIMPIEZA DE LA TIENDA Barre, limpia y desinfecta. Asegúrate de que la tienda luzca impecable. Pon especial atención al piso de ventas, aparadores, espejos, mobiliario, puerta de acceso, baño y almacén. | I9: RECORDATORIO DE ENTRADA Y SALIDA Al iniciar el día, recuerda al equipo registrar su entrada y, al finalizar su turno, registrar su salida. La precisión de estos registros impacta directamente en los indicadores de productividad.
B10: IMAGEN PERSONAL Somos embajadores de la marca, por lo que nuestra imagen debe reflejar los valores de Sunglass Hut. | I10: SIN USO DE TELÉFONOS CELULARES Evita el uso del teléfono personal durante la jornada laboral. La navegación, publicaciones y mensajes personales deben realizarse fuera del horario de trabajo.
B11: REÚNETE CON EL EQUIPO La junta matutina es clave para tener un gran día. Asegúrate de comunicar: Cómo vamos en la semana y en el mes. La meta del día y las acciones clave para alcanzarla. | I11: MANTENTE FUERA DE LA CAJA Y RESPETA TU ZONA (si aplica) A menos que estés realizando una venta en caja, evita permanecer detrás del mostrador. Si tienes una zona asignada, respétala. Mantén una actitud positiva y utiliza tu energía para atraer clientes a la tienda.
I12: EL SEGUIMIENTO ES FUNDAMENTAL Durante todo el día da seguimiento al desempeño de cada colaborador. El Store Dashboard es la principal herramienta para monitorear resultados, impulsar el desempeño y reaccionar oportunamente cuando las ventas sean lentas.
B14: LOS CINCO SECRETOS / BRANDIES | I14: CUSTOMER JOURNEY
B16: PULIR ES PODER Tu paño de limpieza es una herramienta para generar conexión con el cliente y demostrar el valor del producto. Ofrece limpiar sus lentes al iniciar la conversación para crear una experiencia positiva desde el primer contacto. | I16: EMPIEZA UNA RELACION | L16: GÁNATE SU CONFIANZA | O16: GANA LEALTAD
B17: PÓNTELOS Cuando el cliente se prueba los productos, aumenta su interés y la intención de compra. Utiliza la bandeja de exhibición para ayudarle a comparar opciones e invítalo a probar diferentes modelos hasta encontrar el ideal. | I17: INTERACTÚA Y RELACIONA | L17: DESCUBRE Y APRENDE | O17: VE MÁS ALLÁ
B18: DIVIÉRTETE MÁS La venta no termina con el primer par. Aprovecha la oportunidad para mostrar tres o cuatro opciones adicionales y aumentar las posibilidades de realizar una venta múltiple. | I18: Da la bienvenida genuinamente. | L18: Identifica necesidades (emocional/racional). | O18: Guía la compra con preguntas cerradas.
B19: CUIDALOS Enseñar al cliente cómo cuidar sus lentes mejora su experiencia y fortalece tu papel como asesor especializado. | I19: Observa al cliente y adapta tu acercamiento. | L19: Haz preguntas abiertas, escucha. | O19: Propón formas de pago alternativas.
B20: AJUSTE PERFECTO Un cliente se siente mucho más satisfecho cuando sus lentes quedan perfectamente ajustados. Dedica el tiempo necesario para lograr un ajuste cómodo y personalizado. | I20: Ofrécete a limpiar y ajustar sus gafas. | L20: Recomienda múltiples. | O20: Demuestra que te preocupas, explica cómo cuidar su compra y vuelve a ofrecer Care Kits.
I21: Descubre el próposito de la visita. | L21: Presenta las características como beneficios. | O21: Registra sus datos para el programa de lealtad.
I22: Presenta Wearables, Smart Shopper y las novedades. | L22: Comparte tu experiencia en formas y estilos. Aprovecha promociones y realiza venta adicional (Cross Selling). | O22: Invítalo a compartir su experiencia de compra mediante la encuesta (NPS).
L23: Ofrece Care Kits. | O23: Invítalo a regresar para futuras compras y seguimiento a posibles garantías.
L24: Gestiona las objeciones como oportunidades.
A28: TU ENFOQUE PARA HOY
A29: S: ESPECÍFICO
A30: M: MEDIBLE
A31: A: ALCANZABLE
A32: R: RETO
A33: T: TIEMPO
A34: LOGROS DE HOY Y OPORTUNIDADES PARA MAÑANA

Sheet JUEVES
C1: ENFOQUE DIARIO! - Nuestra meta | H1: Semana: | K1: Día: | M1: Tienda: | O1: LAS CELDAS EN COLOR VERDE SE LLENAN AUTOMÁTICAMENTE
A2: ¿QÚE ESPERAMOS LOGRAR HOY?
B4: META DEL DÍA | G4: CONVERSIÓN (NO NEGOCIABLE) | L4: OTROS NO NEGOCIABLES | O4: UNIDADES
B5: META DIARIA | G5: TRÁFICO ESPERADO | L5: WEARABLES | N5: 0.15 | O5: {=IF(D7/8100<1,1,D7/8100)} -> 1
B6: ANÁLOGOS | D6: {=D5*0.85} -> 0 | G6: META DE CONVERSIÓN (LY+1P.P) | L6: KIDS | N6: 0.05 | O6: {=IF(D8*N6<1,1,D8*N6)}
B7: WEARABLES | D7: {=D5*0.15} -> 0 | G7: META TRANSACCIONES | J7: {=J5*J6} -> 0 | L7: CAREKITS | N7: 0.3 | O7: {=IF(D8*N7<1,1,D8*N7)}
B8: TOTAL DE UNIDADES | D8: {=D5/N14} | G8: META IDEAL (NS)* | J8: {=D5*1.1} -> 0 | L8: *Si las unidades dan como resultado menor a cero, el objetivo será mínimo una unidad.
G9: *Si tienes adeudo en la semana puedes ajustar la meta ideal
L10: VALORES ACUMULADOS DEL MES (MTD) | N10: VALORES DEL DÍA COMP
B11: META DE PRODUCTIVIDAD | G11: COMP LY | L11: ATV | N11: ATV
B12: VENTA NETA (NS) | D12: {=D5/D31} | G12: VENTA NETA LY (NS)
B13: UNIDADES | D13: {=D8/D31} | L13: AUR | N13: AUR
C16: APERTURA-12pm | D16: 1pm - 2pm | E16: 3pm-4pm | F16: 5pm-6pm | G16: 7pm-CIERRE | H16: TOTAL
B17: TRÁFICO POR HORA | H17: {=SUM(C17:G17)} -> 0
B18: PESO DEL TRÁFICO (%) | C18: {=C17/$H$17} | D18: {=D17/$H$17} | E18: {=E17/$H$17} | F18: {=F17/$H$17} | G18: {=G17/$H$17} | H18: {=H17/$H$17}
B19: META (NS) X HORA | C19: {=C18*$D$5} | D19: {=D18*$D$5} | E19: {=E18*$D$5} | F19: {=F18*$D$5} | G19: {=G18*$D$5} | H19: {=SUM(C19:G19)}
B22: COLABORADORES | D22: HORAS PROGRAMADAS | F22: META DE VENTA | G22: ANALOGOS POR VENDER | I22: WEARABLES POR VENDER | K22: KIDS POR VENDER | L22: CK POR VENDER | M22: Además de cumplir con la meta diaria de la tienda para los No Negociables, cada colaborador debe procurar vender durante su turno al menos: 1 armazón Kids 1 CareKit
B23: {='DOMINGO'!B23} -> 0 | F23: {=($D$5/$D$31)*D23} | G23: {=(($D$8-$O$5)/$D$31)*D23}
B24: {='DOMINGO'!B24} -> 0 | F24: {=($D$5/$D$31)*D24} | G24: {=(($D$8-$O$5)/$D$31)*D24}
B25: {='DOMINGO'!B25} -> 0 | F25: {=($D$5/$D$31)*D25} | G25: {=(($D$8-$O$5)/$D$31)*D25}
B26: {='DOMINGO'!B26} -> 0 | F26: {=($D$5/$D$31)*D26} | G26: {=(($D$8-$O$5)/$D$31)*D26}
B27: {='DOMINGO'!B27} -> 0 | F27: {=($D$5/$D$31)*D27} | G27: {=(($D$8-$O$5)/$D$31)*D27}
B28: {='DOMINGO'!B28} -> 0 | F28: {=($D$5/$D$31)*D28} | G28: {=(($D$8-$O$5)/$D$31)*D28}
B29: {='DOMINGO'!B29} -> 0 | F29: {=($D$5/$D$31)*D29} | G29: {=(($D$8-$O$5)/$D$31)*D29}
B30: {='DOMINGO'!B30} -> 0 | F30: {=($D$5/$D$31)*D30} | G30: {=(($D$8-$O$5)/$D$31)*D30}
B31: TOTAL | D31: {=SUM(D23:D30)} -> 0 | F31: {=SUM(F23:F30)} | G31: {=SUM(G23:H30)} | I31: {=SUM(I23:I30)} -> 0 | K31: {=O6} | L31: {=O7}
A33: ¿CÓMO VAMOS?
B35: TOTAL DEL DÍA | D35: META | E35: VENTA NETA | F35: META UNIDADES | G35: VENTA UNIDADES | H35: CONVERSION (%) | I35: CRECIMIENTO CONVERSION (%) | K35: WEARABLES % | L35: KIDS% | M35: CAREKITS% | N35: SLP | P35: ONESIGHT
D36: {=D5} -> 0 | E36: {=H48} -> 0 | F36: {=D8} | G36: {=I48+K48} -> 0 | H36: {=F48/E48} | I36: {=H36-J6} | K36: {=K48/G36} | L36: {=M48/G36} | M36: {=N48/G36}
B39: COLABORADOR | D39: HORAS PROGRAMADAS | E39: INTERACCIONES DURANTE EL DÍA | F39: CLIENTES CONVERTIDOS DURANTE EL DÍA | G39: CONVERSION AL CIERRE | H39: VENTA NETA AL CIERRE | I39: UNIDADES ANALOGAS AL CIERRE | J39: DEMOSTRACIONES WEARABLES AL CIERRE | K39: UNIDADES WEARABLES AL CIERRE | L39: CONVERSION WEREABLE | M39: KIDS AL CIERRE | N39: CAREKITS AL CIERRE | R39: SLP EOD
B40: {=B23} -> 0 | D40: {=D23} -> 0 | G40: {=_xlfn.IFERROR(F40/E40,"0")} -> 0 | L40: {=_xlfn.IFERROR(K40/J40,"0")} -> 0
B41: {=B24} -> 0 | D41: {=D24} -> 0 | G41: {=_xlfn.IFERROR(F41/E41,"0")} -> 0 | L41: {=_xlfn.IFERROR(K41/J41,"0")} -> 0
B42: {=B25} -> 0 | D42: {=D25} -> 0 | G42: {=_xlfn.IFERROR(F42/E42,"0")} -> 0 | L42: {=_xlfn.IFERROR(K42/J42,"0")} -> 0
B43: {=B26} -> 0 | D43: {=D26} -> 0 | G43: {=_xlfn.IFERROR(F43/E43,"0")} -> 0 | L43: {=_xlfn.IFERROR(K43/J43,"0")} -> 0
B44: {=B27} -> 0 | D44: {=D27} -> 0 | G44: {=_xlfn.IFERROR(F44/E44,"0")} -> 0 | L44: {=_xlfn.IFERROR(K44/J44,"0")} -> 0
B45: {=B28} -> 0 | D45: {=D28} -> 0 | G45: {=_xlfn.IFERROR(F45/E45,"0")} -> 0 | L45: {=_xlfn.IFERROR(K45/J45,"0")} -> 0
B46: {=B29} -> 0 | D46: {=D29} -> 0 | G46: {=_xlfn.IFERROR(F46/E46,"0")} -> 0 | L46: {=_xlfn.IFERROR(K46/J46,"0")} -> 0
B47: {=B30} -> 0 | D47: {=D30} -> 0 | G47: {=_xlfn.IFERROR(F47/E47,"0")} -> 0 | L47: {=_xlfn.IFERROR(K47/J47,"0")} -> 0
B48: TOTAL | D48: {=SUM(D40:D42)} -> 0 | E48: {=SUM(E40:E47)} -> 0 | F48: {=SUM(F40:F47)} -> 0 | G48: {=_xlfn.IFERROR(F48/E48,"0")} -> 0 | H48: {=SUM(H40:H47)} -> 0 | I48: {=SUM(I40:I47)} -> 0 | J48: {=SUM(J40:J47)} -> 0 | K48: {=SUM(K40:K47)} -> 0 | L48: {=_xlfn.IFERROR(K48/J48,"0")} -> 0 | M48: {=SUM(M40:M47)} -> 0 | N48: {=SUM(N40:N47)} -> 0 | Q48: 3

Sheet PLAN ACCION JUEVES 
C1: ENFOQUE DIARIO! - Nuestro plan de acción | I1: Semana: | K1: Día: | N1: LAS CELDAS EN COLOR VERDE SE LLENAN AUTOMÁTICAMENTE
A2: ¿QÚE ESPERAMOS PARA EL DÍA DE HOY?
B4: HORAS PROGRAMADAS | C4: META (NS) | D4: META PIEZAS | E4: META (NS) PRODUCTIVIDAD | F4: META UNIDADES PRODUCTIVIDAD | I4: ¿Cuál debe ser nuestro ritmo de venta hoy?
B5: {='JUEVES'!D31} -> 0 | C5: {='JUEVES'!D5} -> 0 | D5: {='JUEVES'!D8} | E5: {='JUEVES'!D12} | F5: {='JUEVES'!D13}
B7: NUESTROS ESTÁNDARES | I7: NUESTROS NO NEGOCIABLES
B9: LIMPIEZA DE LA TIENDA Barre, limpia y desinfecta. Asegúrate de que la tienda luzca impecable. Pon especial atención al piso de ventas, aparadores, espejos, mobiliario, puerta de acceso, baño y almacén. | I9: RECORDATORIO DE ENTRADA Y SALIDA Al iniciar el día, recuerda al equipo registrar su entrada y, al finalizar su turno, registrar su salida. La precisión de estos registros impacta directamente en los indicadores de productividad.
B10: IMAGEN PERSONAL Somos embajadores de la marca, por lo que nuestra imagen debe reflejar los valores de Sunglass Hut. | I10: SIN USO DE TELÉFONOS CELULARES Evita el uso del teléfono personal durante la jornada laboral. La navegación, publicaciones y mensajes personales deben realizarse fuera del horario de trabajo.
B11: REÚNETE CON EL EQUIPO La junta matutina es clave para tener un gran día. Asegúrate de comunicar: Cómo vamos en la semana y en el mes. La meta del día y las acciones clave para alcanzarla. | I11: MANTENTE FUERA DE LA CAJA Y RESPETA TU ZONA (si aplica) A menos que estés realizando una venta en caja, evita permanecer detrás del mostrador. Si tienes una zona asignada, respétala. Mantén una actitud positiva y utiliza tu energía para atraer clientes a la tienda.
I12: EL SEGUIMIENTO ES FUNDAMENTAL Durante todo el día da seguimiento al desempeño de cada colaborador. El Store Dashboard es la principal herramienta para monitorear resultados, impulsar el desempeño y reaccionar oportunamente cuando las ventas sean lentas.
B14: LOS CINCO SECRETOS / BRANDIES | I14: CUSTOMER JOURNEY
B16: PULIR ES PODER Tu paño de limpieza es una herramienta para generar conexión con el cliente y demostrar el valor del producto. Ofrece limpiar sus lentes al iniciar la conversación para crear una experiencia positiva desde el primer contacto. | I16: EMPIEZA UNA RELACION | L16: GÁNATE SU CONFIANZA | O16: GANA LEALTAD
B17: PÓNTELOS Cuando el cliente se prueba los productos, aumenta su interés y la intención de compra. Utiliza la bandeja de exhibición para ayudarle a comparar opciones e invítalo a probar diferentes modelos hasta encontrar el ideal. | I17: INTERACTÚA Y RELACIONA | L17: DESCUBRE Y APRENDE | O17: VE MÁS ALLÁ
B18: DIVIÉRTETE MÁS La venta no termina con el primer par. Aprovecha la oportunidad para mostrar tres o cuatro opciones adicionales y aumentar las posibilidades de realizar una venta múltiple. | I18: Da la bienvenida genuinamente. | L18: Identifica necesidades (emocional/racional). | O18: Guía la compra con preguntas cerradas.
B19: CUIDALOS Enseñar al cliente cómo cuidar sus lentes mejora su experiencia y fortalece tu papel como asesor especializado. | I19: Observa al cliente y adapta tu acercamiento. | L19: Haz preguntas abiertas, escucha. | O19: Propón formas de pago alternativas.
B20: AJUSTE PERFECTO Un cliente se siente mucho más satisfecho cuando sus lentes quedan perfectamente ajustados. Dedica el tiempo necesario para lograr un ajuste cómodo y personalizado. | I20: Ofrécete a limpiar y ajustar sus gafas. | L20: Recomienda múltiples. | O20: Demuestra que te preocupas, explica cómo cuidar su compra y vuelve a ofrecer Care Kits.
I21: Descubre el próposito de la visita. | L21: Presenta las características como beneficios. | O21: Registra sus datos para el programa de lealtad.
I22: Presenta Wearables, Smart Shopper y las novedades. | L22: Comparte tu experiencia en formas y estilos. Aprovecha promociones y realiza venta adicional (Cross Selling). | O22: Invítalo a compartir su experiencia de compra mediante la encuesta (NPS).
L23: Ofrece Care Kits. | O23: Invítalo a regresar para futuras compras y seguimiento a posibles garantías.
L24: Gestiona las objeciones como oportunidades.
A28: TU ENFOQUE PARA HOY
A29: S: ESPECÍFICO
A30: M: MEDIBLE
A31: A: ALCANZABLE
A32: R: RETO
A33: T: TIEMPO
A34: LOGROS DE HOY Y OPORTUNIDADES PARA MAÑANA

Sheet VIERNES
C1: ENFOQUE DIARIO! - Nuestra meta | H1: Semana: | K1: Día: | M1: Tienda: | O1: LAS CELDAS EN COLOR VERDE SE LLENAN AUTOMÁTICAMENTE
A2: ¿QÚE ESPERAMOS LOGRAR HOY?
B4: META DEL DÍA | G4: CONVERSIÓN (NO NEGOCIABLE) | L4: OTROS NO NEGOCIABLES | O4: UNIDADES
B5: META DIARIA | G5: TRÁFICO ESPERADO | L5: WEARABLES | N5: 0.15 | O5: {=IF(D7/8100<1,1,D7/8100)} -> 1
B6: ANÁLOGOS | D6: {=D5*0.85} -> 0 | G6: META DE CONVERSIÓN (LY+1P.P) | L6: KIDS | N6: 0.05 | O6: {=IF(D8*N6<1,1,D8*N6)}
B7: WEARABLES | D7: {=D5*0.15} -> 0 | G7: META TRANSACCIONES | J7: {=J5*J6} -> 0 | L7: CAREKITS | N7: 0.3 | O7: {=IF(D8*N7<1,1,D8*N7)}
B8: TOTAL DE UNIDADES | D8: {=D5/N14} | G8: META IDEAL (NS)* | J8: {=D5*1.1} -> 0 | L8: *Si las unidades dan como resultado menor a cero, el objetivo será mínimo una unidad.
G9: *Si tienes adeudo en la semana puedes ajustar la meta ideal
L10: VALORES ACUMULADOS DEL MES (MTD) | N10: VALORES DEL DÍA COMP
B11: META DE PRODUCTIVIDAD | G11: COMP LY | L11: ATV | N11: ATV
B12: VENTA NETA (NS) | D12: {=D5/D31} | G12: VENTA NETA LY (NS)
B13: UNIDADES | D13: {=D8/D31} | L13: AUR | N13: AUR
C16: APERTURA-12pm | D16: 1pm - 2pm | E16: 3pm-4pm | F16: 5pm-6pm | G16: 7pm-CIERRE | H16: TOTAL
B17: TRÁFICO POR HORA | H17: {=SUM(C17:G17)} -> 0
B18: PESO DEL TRÁFICO (%) | C18: {=C17/$H$17} | D18: {=D17/$H$17} | E18: {=E17/$H$17} | F18: {=F17/$H$17} | G18: {=G17/$H$17} | H18: {=H17/$H$17}
B19: META (NS) X HORA | C19: {=C18*$D$5} | D19: {=D18*$D$5} | E19: {=E18*$D$5} | F19: {=F18*$D$5} | G19: {=G18*$D$5} | H19: {=SUM(C19:G19)}
B22: COLABORADORES | D22: HORAS PROGRAMADAS | F22: META DE VENTA | G22: ANALOGOS POR VENDER | I22: WEARABLES POR VENDER | K22: KIDS POR VENDER | L22: CK POR VENDER | M22: Además de cumplir con la meta diaria de la tienda para los No Negociables, cada colaborador debe procurar vender durante su turno al menos: 1 armazón Kids 1 CareKit
B23: {='DOMINGO'!B23} -> 0 | F23: {=($D$5/$D$31)*D23} | G23: {=(($D$8-$O$5)/$D$31)*D23}
B24: {='DOMINGO'!B24} -> 0 | F24: {=($D$5/$D$31)*D24} | G24: {=(($D$8-$O$5)/$D$31)*D24}
B25: {='DOMINGO'!B25} -> 0 | F25: {=($D$5/$D$31)*D25} | G25: {=(($D$8-$O$5)/$D$31)*D25}
B26: {='DOMINGO'!B26} -> 0 | F26: {=($D$5/$D$31)*D26} | G26: {=(($D$8-$O$5)/$D$31)*D26}
B27: {='DOMINGO'!B27} -> 0 | F27: {=($D$5/$D$31)*D27} | G27: {=(($D$8-$O$5)/$D$31)*D27}
B28: {='DOMINGO'!B28} -> 0 | F28: {=($D$5/$D$31)*D28} | G28: {=(($D$8-$O$5)/$D$31)*D28}
B29: {='DOMINGO'!B29} -> 0 | F29: {=($D$5/$D$31)*D29} | G29: {=(($D$8-$O$5)/$D$31)*D29}
B30: {='DOMINGO'!B30} -> 0 | F30: {=($D$5/$D$31)*D30} | G30: {=(($D$8-$O$5)/$D$31)*D30}
B31: TOTAL | D31: {=SUM(D23:D30)} -> 0 | F31: {=SUM(F23:F30)} | G31: {=SUM(G23:H30)} | I31: {=SUM(I23:I30)} -> 0 | K31: {=O6} | L31: {=O7}
A33: ¿CÓMO VAMOS?
B35: TOTAL DEL DÍA | D35: META | E35: VENTA NETA | F35: META UNIDADES | G35: VENTA UNIDADES | H35: CONVERSION (%) | I35: CRECIMIENTO CONVERSION (%) | K35: WEARABLES % | L35: KIDS% | M35: CAREKITS% | N35: SLP | P35: ONESIGHT
D36: {=D5} -> 0 | E36: {=H48} -> 0 | F36: {=D8} | G36: {=I48+K48} -> 0 | H36: {=F48/E48} | I36: {=H36-J6} | K36: {=K48/G36} | L36: {=M48/G36} | M36: {=N48/G36}
B39: COLABORADOR | D39: HORAS PROGRAMADAS | E39: INTERACCIONES DURANTE EL DÍA | F39: CLIENTES CONVERTIDOS DURANTE EL DÍA | G39: CONVERSION AL CIERRE | H39: VENTA NETA AL CIERRE | I39: UNIDADES ANALOGAS AL CIERRE | J39: DEMOSTRACIONES WEARABLES AL CIERRE | K39: UNIDADES WEARABLES AL CIERRE | L39: CONVERSION WEREABLE | M39: KIDS AL CIERRE | N39: CAREKITS AL CIERRE | R39: SLP EOD
B40: {=B23} -> 0 | D40: {=D23} -> 0 | G40: {=_xlfn.IFERROR(F40/E40,"0")} -> 0 | L40: {=_xlfn.IFERROR(K40/J40,"0")} -> 0
B41: {=B24} -> 0 | D41: {=D24} -> 0 | G41: {=_xlfn.IFERROR(F41/E41,"0")} -> 0 | L41: {=_xlfn.IFERROR(K41/J41,"0")} -> 0
B42: {=B25} -> 0 | D42: {=D25} -> 0 | G42: {=_xlfn.IFERROR(F42/E42,"0")} -> 0 | L42: {=_xlfn.IFERROR(K42/J42,"0")} -> 0
B43: {=B26} -> 0 | D43: {=D26} -> 0 | G43: {=_xlfn.IFERROR(F43/E43,"0")} -> 0 | L43: {=_xlfn.IFERROR(K43/J43,"0")} -> 0
B44: {=B27} -> 0 | D44: {=D27} -> 0 | G44: {=_xlfn.IFERROR(F44/E44,"0")} -> 0 | L44: {=_xlfn.IFERROR(K44/J44,"0")} -> 0
B45: {=B28} -> 0 | D45: {=D28} -> 0 | G45: {=_xlfn.IFERROR(F45/E45,"0")} -> 0 | L45: {=_xlfn.IFERROR(K45/J45,"0")} -> 0
B46: {=B29} -> 0 | D46: {=D29} -> 0 | G46: {=_xlfn.IFERROR(F46/E46,"0")} -> 0 | L46: {=_xlfn.IFERROR(K46/J46,"0")} -> 0
B47: {=B30} -> 0 | D47: {=D30} -> 0 | G47: {=_xlfn.IFERROR(F47/E47,"0")} -> 0 | L47: {=_xlfn.IFERROR(K47/J47,"0")} -> 0
B48: TOTAL | D48: {=SUM(D40:D42)} -> 0 | E48: {=SUM(E40:E47)} -> 0 | F48: {=SUM(F40:F47)} -> 0 | G48: {=_xlfn.IFERROR(F48/E48,"0")} -> 0 | H48: {=SUM(H40:H47)} -> 0 | I48: {=SUM(I40:I47)} -> 0 | J48: {=SUM(J40:J47)} -> 0 | K48: {=SUM(K40:K47)} -> 0 | L48: {=_xlfn.IFERROR(K48/J48,"0")} -> 0 | M48: {=SUM(M40:M47)} -> 0 | N48: {=SUM(N40:N47)} -> 0 | Q48: 3

Sheet PLAN ACCION VIERNES
C1: ENFOQUE DIARIO! - Nuestro plan de acción | I1: Semana: | K1: Día: | N1: LAS CELDAS EN COLOR VERDE SE LLENAN AUTOMÁTICAMENTE
A2: ¿QÚE ESPERAMOS PARA EL DÍA DE HOY?
B4: HORAS PROGRAMADAS | C4: META (NS) | D4: META PIEZAS | E4: META (NS) PRODUCTIVIDAD | F4: META UNIDADES PRODUCTIVIDAD | I4: ¿Cuál debe ser nuestro ritmo de venta hoy?
B5: {='VIERNES'!D31} -> 0 | C5: {='VIERNES'!D5} -> 0 | D5: {='VIERNES'!D8} | E5: {='VIERNES'!D12} | F5: {='VIERNES'!D13}
B7: NUESTROS ESTÁNDARES | I7: NUESTROS NO NEGOCIABLES
B9: LIMPIEZA DE LA TIENDA Barre, limpia y desinfecta. Asegúrate de que la tienda luzca impecable. Pon especial atención al piso de ventas, aparadores, espejos, mobiliario, puerta de acceso, baño y almacén. | I9: RECORDATORIO DE ENTRADA Y SALIDA Al iniciar el día, recuerda al equipo registrar su entrada y, al finalizar su turno, registrar su salida. La precisión de estos registros impacta directamente en los indicadores de productividad.
B10: IMAGEN PERSONAL Somos embajadores de la marca, por lo que nuestra imagen debe reflejar los valores de Sunglass Hut. | I10: SIN USO DE TELÉFONOS CELULARES Evita el uso del teléfono personal durante la jornada laboral. La navegación, publicaciones y mensajes personales deben realizarse fuera del horario de trabajo.
B11: REÚNETE CON EL EQUIPO La junta matutina es clave para tener un gran día. Asegúrate de comunicar: Cómo vamos en la semana y en el mes. La meta del día y las acciones clave para alcanzarla. | I11: MANTENTE FUERA DE LA CAJA Y RESPETA TU ZONA (si aplica) A menos que estés realizando una venta en caja, evita permanecer detrás del mostrador. Si tienes una zona asignada, respétala. Mantén una actitud positiva y utiliza tu energía para atraer clientes a la tienda.
I12: EL SEGUIMIENTO ES FUNDAMENTAL Durante todo el día da seguimiento al desempeño de cada colaborador. El Store Dashboard es la principal herramienta para monitorear resultados, impulsar el desempeño y reaccionar oportunamente cuando las ventas sean lentas.
B14: LOS CINCO SECRETOS / BRANDIES | I14: CUSTOMER JOURNEY
B16: PULIR ES PODER Tu paño de limpieza es una herramienta para generar conexión con el cliente y demostrar el valor del producto. Ofrece limpiar sus lentes al iniciar la conversación para crear una experiencia positiva desde el primer contacto. | I16: EMPIEZA UNA RELACION | L16: GÁNATE SU CONFIANZA | O16: GANA LEALTAD
B17: PÓNTELOS Cuando el cliente se prueba los productos, aumenta su interés y la intención de compra. Utiliza la bandeja de exhibición para ayudarle a comparar opciones e invítalo a probar diferentes modelos hasta encontrar el ideal. | I17: INTERACTÚA Y RELACIONA | L17: DESCUBRE Y APRENDE | O17: VE MÁS ALLÁ
B18: DIVIÉRTETE MÁS La venta no termina con el primer par. Aprovecha la oportunidad para mostrar tres o cuatro opciones adicionales y aumentar las posibilidades de realizar una venta múltiple. | I18: Da la bienvenida genuinamente. | L18: Identifica necesidades (emocional/racional). | O18: Guía la compra con preguntas cerradas.
B19: CUIDALOS Enseñar al cliente cómo cuidar sus lentes mejora su experiencia y fortalece tu papel como asesor especializado. | I19: Observa al cliente y adapta tu acercamiento. | L19: Haz preguntas abiertas, escucha. | O19: Propón formas de pago alternativas.
B20: AJUSTE PERFECTO Un cliente se siente mucho más satisfecho cuando sus lentes quedan perfectamente ajustados. Dedica el tiempo necesario para lograr un ajuste cómodo y personalizado. | I20: Ofrécete a limpiar y ajustar sus gafas. | L20: Recomienda múltiples. | O20: Demuestra que te preocupas, explica cómo cuidar su compra y vuelve a ofrecer Care Kits.
I21: Descubre el próposito de la visita. | L21: Presenta las características como beneficios. | O21: Registra sus datos para el programa de lealtad.
I22: Presenta Wearables, Smart Shopper y las novedades. | L22: Comparte tu experiencia en formas y estilos. Aprovecha promociones y realiza venta adicional (Cross Selling). | O22: Invítalo a compartir su experiencia de compra mediante la encuesta (NPS).
L23: Ofrece Care Kits. | O23: Invítalo a regresar para futuras compras y seguimiento a posibles garantías.
L24: Gestiona las objeciones como oportunidades.
A28: TU ENFOQUE PARA HOY
A29: S: ESPECÍFICO
A30: M: MEDIBLE
A31: A: ALCANZABLE
A32: R: RETO
A33: T: TIEMPO
A34: LOGROS DE HOY Y OPORTUNIDADES PARA MAÑANA

Sheet SÁBADO
C1: ENFOQUE DIARIO! - Nuestra meta | H1: Semana: | K1: Día: | M1: Tienda: | O1: LAS CELDAS EN COLOR VERDE SE LLENAN AUTOMÁTICAMENTE
A2: ¿QÚE ESPERAMOS LOGRAR HOY?
B4: META DEL DÍA | G4: CONVERSIÓN (NO NEGOCIABLE) | L4: OTROS NO NEGOCIABLES | O4: UNIDADES
B5: META DIARIA | G5: TRÁFICO ESPERADO | L5: WEARABLES | N5: 0.15 | O5: {=IF(D7/8100<1,1,D7/8100)} -> 1
B6: ANÁLOGOS | D6: {=D5*0.85} -> 0 | G6: META DE CONVERSIÓN (LY+1P.P) | L6: KIDS | N6: 0.05 | O6: {=IF(D8*N6<1,1,D8*N6)}
B7: WEARABLES | D7: {=D5*0.15} -> 0 | G7: META TRANSACCIONES | J7: {=J5*J6} -> 0 | L7: CAREKITS | N7: 0.3 | O7: {=IF(D8*N7<1,1,D8*N7)}
B8: TOTAL DE UNIDADES | D8: {=D5/N14} | G8: META IDEAL (NS)* | J8: {=D5*1.1} -> 0 | L8: *Si las unidades dan como resultado menor a cero, el objetivo será mínimo una unidad.
G9: *Si tienes adeudo en la semana puedes ajustar la meta ideal
L10: VALORES ACUMULADOS DEL MES (MTD) | N10: VALORES DEL DÍA COMP
B11: META DE PRODUCTIVIDAD | G11: COMP LY | L11: ATV | N11: ATV
B12: VENTA NETA (NS) | D12: {=D5/D31} | G12: VENTA NETA LY (NS)
B13: UNIDADES | D13: {=D8/D31} | L13: AUR | N13: AUR
C16: APERTURA-12pm | D16: 1pm - 2pm | E16: 3pm-4pm | F16: 5pm-6pm | G16: 7pm-CIERRE | H16: TOTAL
B17: TRÁFICO POR HORA | H17: {=SUM(C17:G17)} -> 0
B18: PESO DEL TRÁFICO (%) | C18: {=C17/$H$17} | D18: {=D17/$H$17} | E18: {=E17/$H$17} | F18: {=F17/$H$17} | G18: {=G17/$H$17} | H18: {=H17/$H$17}
B19: META (NS) X HORA | C19: {=C18*$D$5} | D19: {=D18*$D$5} | E19: {=E18*$D$5} | F19: {=F18*$D$5} | G19: {=G18*$D$5} | H19: {=SUM(C19:G19)}
B22: COLABORADORES | D22: HORAS PROGRAMADAS | F22: META DE VENTA | G22: ANALOGOS POR VENDER | I22: WEARABLES POR VENDER | K22: KIDS POR VENDER | L22: CK POR VENDER | M22: Además de cumplir con la meta diaria de la tienda para los No Negociables, cada colaborador debe procurar vender durante su turno al menos: 1 armazón Kids 1 CareKit
B23: {='DOMINGO'!B23} -> 0 | F23: {=($D$5/$D$31)*D23} | G23: {=(($D$8-$O$5)/$D$31)*D23}
B24: {='DOMINGO'!B24} -> 0 | F24: {=($D$5/$D$31)*D24} | G24: {=(($D$8-$O$5)/$D$31)*D24}
B25: {='DOMINGO'!B25} -> 0 | F25: {=($D$5/$D$31)*D25} | G25: {=(($D$8-$O$5)/$D$31)*D25}
B26: {='DOMINGO'!B26} -> 0 | F26: {=($D$5/$D$31)*D26} | G26: {=(($D$8-$O$5)/$D$31)*D26}
B27: {='DOMINGO'!B27} -> 0 | F27: {=($D$5/$D$31)*D27} | G27: {=(($D$8-$O$5)/$D$31)*D27}
B28: {='DOMINGO'!B28} -> 0 | F28: {=($D$5/$D$31)*D28} | G28: {=(($D$8-$O$5)/$D$31)*D28}
B29: {='DOMINGO'!B29} -> 0 | F29: {=($D$5/$D$31)*D29} | G29: {=(($D$8-$O$5)/$D$31)*D29}
B30: {='DOMINGO'!B30} -> 0 | F30: {=($D$5/$D$31)*D30} | G30: {=(($D$8-$O$5)/$D$31)*D30}
B31: TOTAL | D31: {=SUM(D23:D30)} -> 0 | F31: {=SUM(F23:F30)} | G31: {=SUM(G23:H30)} | I31: {=SUM(I23:I30)} -> 0 | K31: {=O6} | L31: {=O7}
A33: ¿CÓMO VAMOS?
B35: TOTAL DEL DÍA | D35: META | E35: VENTA NETA | F35: META UNIDADES | G35: VENTA UNIDADES | H35: CONVERSION (%) | I35: CRECIMIENTO CONVERSION (%) | K35: WEARABLES % | L35: KIDS% | M35: CAREKITS% | N35: SLP | P35: ONESIGHT
D36: {=D5} -> 0 | E36: {=H48} -> 0 | F36: {=D8} | G36: {=I48+K48} -> 0 | H36: {=F48/E48} | I36: {=H36-J6} | K36: {=K48/G36} | L36: {=M48/G36} | M36: {=N48/G36}
B39: COLABORADOR | D39: HORAS PROGRAMADAS | E39: INTERACCIONES DURANTE EL DÍA | F39: CLIENTES CONVERTIDOS DURANTE EL DÍA | G39: CONVERSION AL CIERRE | H39: VENTA NETA AL CIERRE | I39: UNIDADES ANALOGAS AL CIERRE | J39: DEMOSTRACIONES WEARABLES AL CIERRE | K39: UNIDADES WEARABLES AL CIERRE | L39: CONVERSION WEREABLE | M39: KIDS AL CIERRE | N39: CAREKITS AL CIERRE | R39: SLP EOD
B40: {=B23} -> 0 | D40: {=D23} -> 0 | G40: {=_xlfn.IFERROR(F40/E40,"0")} -> 0 | L40: {=_xlfn.IFERROR(K40/J40,"0")} -> 0
B41: {=B24} -> 0 | D41: {=D24} -> 0 | G41: {=_xlfn.IFERROR(F41/E41,"0")} -> 0 | L41: {=_xlfn.IFERROR(K41/J41,"0")} -> 0
B42: {=B25} -> 0 | D42: {=D25} -> 0 | G42: {=_xlfn.IFERROR(F42/E42,"0")} -> 0 | L42: {=_xlfn.IFERROR(K42/J42,"0")} -> 0
B43: {=B26} -> 0 | D43: {=D26} -> 0 | G43: {=_xlfn.IFERROR(F43/E43,"0")} -> 0 | L43: {=_xlfn.IFERROR(K43/J43,"0")} -> 0
B44: {=B27} -> 0 | D44: {=D27} -> 0 | G44: {=_xlfn.IFERROR(F44/E44,"0")} -> 0 | L44: {=_xlfn.IFERROR(K44/J44,"0")} -> 0
B45: {=B28} -> 0 | D45: {=D28} -> 0 | G45: {=_xlfn.IFERROR(F45/E45,"0")} -> 0 | L45: {=_xlfn.IFERROR(K45/J45,"0")} -> 0
B46: {=B29} -> 0 | D46: {=D29} -> 0 | G46: {=_xlfn.IFERROR(F46/E46,"0")} -> 0 | L46: {=_xlfn.IFERROR(K46/J46,"0")} -> 0
B47: {=B30} -> 0 | D47: {=D30} -> 0 | G47: {=_xlfn.IFERROR(F47/E47,"0")} -> 0 | L47: {=_xlfn.IFERROR(K47/J47,"0")} -> 0
B48: TOTAL | D48: {=SUM(D40:D42)} -> 0 | E48: {=SUM(E40:E47)} -> 0 | F48: {=SUM(F40:F47)} -> 0 | G48: {=_xlfn.IFERROR(F48/E48,"0")} -> 0 | H48: {=SUM(H40:H47)} -> 0 | I48: {=SUM(I40:I47)} -> 0 | J48: {=SUM(J40:J47)} -> 0 | K48: {=SUM(K40:K47)} -> 0 | L48: {=_xlfn.IFERROR(K48/J48,"0")} -> 0 | M48: {=SUM(M40:M47)} -> 0 | N48: {=SUM(N40:N47)} -> 0 | Q48: 3

Sheet PLAN ACCION SÁBADO 
C1: ENFOQUE DIARIO! - Nuestro plan de acción | I1: Semana: | K1: Día: | N1: LAS CELDAS EN COLOR VERDE SE LLENAN AUTOMÁTICAMENTE
A2: ¿QÚE ESPERAMOS PARA EL DÍA DE HOY?
B4: HORAS PROGRAMADAS | C4: META (NS) | D4: META PIEZAS | E4: META (NS) PRODUCTIVIDAD | F4: META UNIDADES PRODUCTIVIDAD | I4: ¿Cuál debe ser nuestro ritmo de venta hoy?
B5: {='SÁBADO'!D31} -> 0 | C5: {='SÁBADO'!D5} -> 0 | D5: {='SÁBADO'!D8} | E5: {='SÁBADO'!D12} | F5: {='SÁBADO'!D13}
B7: NUESTROS ESTÁNDARES | I7: NUESTROS NO NEGOCIABLES
B9: LIMPIEZA DE LA TIENDA Barre, limpia y desinfecta. Asegúrate de que la tienda luzca impecable. Pon especial atención al piso de ventas, aparadores, espejos, mobiliario, puerta de acceso, baño y almacén. | I9: RECORDATORIO DE ENTRADA Y SALIDA Al iniciar el día, recuerda al equipo registrar su entrada y, al finalizar su turno, registrar su salida. La precisión de estos registros impacta directamente en los indicadores de productividad.
B10: IMAGEN PERSONAL Somos embajadores de la marca, por lo que nuestra imagen debe reflejar los valores de Sunglass Hut. | I10: SIN USO DE TELÉFONOS CELULARES Evita el uso del teléfono personal durante la jornada laboral. La navegación, publicaciones y mensajes personales deben realizarse fuera del horario de trabajo.
B11: REÚNETE CON EL EQUIPO La junta matutina es clave para tener un gran día. Asegúrate de comunicar: Cómo vamos en la semana y en el mes. La meta del día y las acciones clave para alcanzarla. | I11: MANTENTE FUERA DE LA CAJA Y RESPETA TU ZONA (si aplica) A menos que estés realizando una venta en caja, evita permanecer detrás del mostrador. Si tienes una zona asignada, respétala. Mantén una actitud positiva y utiliza tu energía para atraer clientes a la tienda.
I12: EL SEGUIMIENTO ES FUNDAMENTAL Durante todo el día da seguimiento al desempeño de cada colaborador. El Store Dashboard es la principal herramienta para monitorear resultados, impulsar el desempeño y reaccionar oportunamente cuando las ventas sean lentas.
B14: LOS CINCO SECRETOS / BRANDIES | I14: CUSTOMER JOURNEY
B16: PULIR ES PODER Tu paño de limpieza es una herramienta para generar conexión con el cliente y demostrar el valor del producto. Ofrece limpiar sus lentes al iniciar la conversación para crear una experiencia positiva desde el primer contacto. | I16: EMPIEZA UNA RELACION | L16: GÁNATE SU CONFIANZA | O16: GANA LEALTAD
B17: PÓNTELOS Cuando el cliente se prueba los productos, aumenta su interés y la intención de compra. Utiliza la bandeja de exhibición para ayudarle a comparar opciones e invítalo a probar diferentes modelos hasta encontrar el ideal. | I17: INTERACTÚA Y RELACIONA | L17: DESCUBRE Y APRENDE | O17: VE MÁS ALLÁ
B18: DIVIÉRTETE MÁS La venta no termina con el primer par. Aprovecha la oportunidad para mostrar tres o cuatro opciones adicionales y aumentar las posibilidades de realizar una venta múltiple. | I18: Da la bienvenida genuinamente. | L18: Identifica necesidades (emocional/racional). | O18: Guía la compra con preguntas cerradas.
B19: CUIDALOS Enseñar al cliente cómo cuidar sus lentes mejora su experiencia y fortalece tu papel como asesor especializado. | I19: Observa al cliente y adapta tu acercamiento. | L19: Haz preguntas abiertas, escucha. | O19: Propón formas de pago alternativas.
B20: AJUSTE PERFECTO Un cliente se siente mucho más satisfecho cuando sus lentes quedan perfectamente ajustados. Dedica el tiempo necesario para lograr un ajuste cómodo y personalizado. | I20: Ofrécete a limpiar y ajustar sus gafas. | L20: Recomienda múltiples. | O20: Demuestra que te preocupas, explica cómo cuidar su compra y vuelve a ofrecer Care Kits.
I21: Descubre el próposito de la visita. | L21: Presenta las características como beneficios. | O21: Registra sus datos para el programa de lealtad.
I22: Presenta Wearables, Smart Shopper y las novedades. | L22: Comparte tu experiencia en formas y estilos. Aprovecha promociones y realiza venta adicional (Cross Selling). | O22: Invítalo a compartir su experiencia de compra mediante la encuesta (NPS).
L23: Ofrece Care Kits. | O23: Invítalo a regresar para futuras compras y seguimiento a posibles garantías.
L24: Gestiona las objeciones como oportunidades.
A28: TU ENFOQUE PARA HOY
A29: S: ESPECÍFICO
A30: M: MEDIBLE
A31: A: ALCANZABLE
A32: R: RETO
A33: T: TIEMPO
A34: LOGROS DE HOY Y OPORTUNIDADES PARA MAÑANA

Sheet SEMANAL
A1: ENFOQUE SEMANAL
B4: SEMANAL | E4: CONVERSIÓN SEMANAL | H4: OTROS NO NEGOCIABLES | J4: UNIDADES | L4: COMP LY
B5: META SEMANAL | E5: TRÁFICO ESPERADO | H5: WEARABLES | I5: 0.15 | J5: {=IF(C7/8100<1,1,C7/8100)} -> 1 | L5: SEMANAL (NS)
B6: ANÁLOGOS | C6: {=C5*0.85} -> 0 | E6: META DE CONVERSIÓN (LY+1P.P) | H6: KIDS | I6: 0.05 | J6: {=IF(C8*I6<1,1,C8*I6)}
B7: WEARABLES | C7: {=C5*0.15} -> 0 | E7: META TRANSACCIONES | F7: {=F5*F6} -> 0 | H7: CAREKITS | I7: 0.3 | J7: {=IF(C8*I7<1,1,C8*I7)} | L7: VALORES DE SEMANA COMP
B8: TOTAL DE UNIDADES | C8: {=C5/L11} | E8: META IDEAL (NS)* | F8: {=C5*1.1} -> 0 | L8: ATV
L10: AUR
B11: COLABORADORES | D11: HORAS PROGRAMADAS | E11: META DE VENTA | F11: ANALOGOS POR VENDER | G11: WEARABLES POR VENDER | H11: KIDS POR VENDER | I11: CK POR VENDER
B12: {='DOMINGO'!B23} -> 0 | D12: {=SUM('DOMINGO'!D23,'LUNES'!D23,'MARTES'!D23,'MIÉRCOLES'!D23,'JUEVES'!D23,'VIERNES'!D23,'SÁBADO'!D23)} -> 0 | E12: {=(C5/D38)*D12} | F12: {=((C8-J5)/D20)*D12} | G12: {='DOMINGO'!I23+'LUNES'!I23+'MARTES'!I23+'MIÉRCOLES'!I23+'JUEVES'!I23+'VIERNES'!I23+'SÁBADO'!I23} -> 0 | H12: {=IF($D$12>0,MAX(($J$6/$D$20)*$D$12,1),0)} -> 0 | I12: {=IF($D$12>0,MAX(($J$7/$D$20)*$D$12,1),0)} -> 0
B13: {='DOMINGO'!B24} -> 0 | D13: {=SUM('DOMINGO'!D24,'LUNES'!D24,'MARTES'!D24,'MIÉRCOLES'!D24,'JUEVES'!D24,'VIERNES'!D24,'SÁBADO'!D24)} -> 0 | E13: {=(C5/D38)*D13} | F13: {=((C8-J5)/D20)*D13} | G13: {='DOMINGO'!I24+'LUNES'!I24+'MARTES'!I24+'MIÉRCOLES'!I24+'JUEVES'!I24+'VIERNES'!I24+'SÁBADO'!I24} -> 0 | H13: {=IF($D$12>0,MAX(($J$6/$D$20)*$D$12,1),0)} -> 0 | I13: {=IF($D$12>0,MAX(($J$7/$D$20)*$D$12,1),0)} -> 0
B14: {='DOMINGO'!B25} -> 0 | D14: {=SUM('DOMINGO'!D25,'LUNES'!D25,'MARTES'!D25,'MIÉRCOLES'!D25,'JUEVES'!D25,'VIERNES'!D25,'SÁBADO'!D25)} -> 0 | E14: {=(C5/D38)*D14} | F14: {=((C8-J5)/D20)*D14} | G14: {='DOMINGO'!I25+'LUNES'!I25+'MARTES'!I25+'MIÉRCOLES'!I25+'JUEVES'!I25+'VIERNES'!I25+'SÁBADO'!I25} -> 0 | H14: {=IF($D$12>0,MAX(($J$6/$D$20)*$D$12,1),0)} -> 0 | I14: {=IF($D$12>0,MAX(($J$7/$D$20)*$D$12,1),0)} -> 0
B15: {='DOMINGO'!B26} -> 0 | D15: {=SUM('DOMINGO'!D26,'LUNES'!D26,'MARTES'!D26,'MIÉRCOLES'!D26,'JUEVES'!D26,'VIERNES'!D26,'SÁBADO'!D26)} -> 0 | E15: {=(C5/D38)*D15} | F15: {=((C8-J5)/D20)*D15} | G15: {='DOMINGO'!I26+'LUNES'!I26+'MARTES'!I26+'MIÉRCOLES'!I26+'JUEVES'!I26+'VIERNES'!I26+'SÁBADO'!I26} -> 0 | H15: {=IF($D$12>0,MAX(($J$6/$D$20)*$D$12,1),0)} -> 0 | I15: {=IF($D$12>0,MAX(($J$7/$D$20)*$D$12,1),0)} -> 0
B16: {='DOMINGO'!B27} -> 0 | D16: {=SUM('DOMINGO'!D27,'LUNES'!D27,'MARTES'!D27,'MIÉRCOLES'!D27,'JUEVES'!D27,'VIERNES'!D27,'SÁBADO'!D27)} -> 0 | E16: {=(C5/D38)*D16} | F16: {=((C8-J5)/D20)*D16} | G16: {='DOMINGO'!I27+'LUNES'!I27+'MARTES'!I27+'MIÉRCOLES'!I27+'JUEVES'!I27+'VIERNES'!I27+'SÁBADO'!I27} -> 0 | H16: {=IF($D$12>0,MAX(($J$6/$D$20)*$D$12,1),0)} -> 0 | I16: {=IF($D$12>0,MAX(($J$7/$D$20)*$D$12,1),0)} -> 0
B17: {='DOMINGO'!B28} -> 0 | D17: {=SUM('DOMINGO'!D28,'LUNES'!D28,'MARTES'!D28,'MIÉRCOLES'!D28,'JUEVES'!D28,'VIERNES'!D28,'SÁBADO'!D28)} -> 0 | E17: {=(C5/D38)*D17} | F17: {=((C8-J5)/D20)*D17} | G17: {='DOMINGO'!I28+'LUNES'!I28+'MARTES'!I28+'MIÉRCOLES'!I28+'JUEVES'!I28+'VIERNES'!I28+'SÁBADO'!I28} -> 0 | H17: {=IF($D$12>0,MAX(($J$6/$D$20)*$D$12,1),0)} -> 0 | I17: {=IF($D$12>0,MAX(($J$7/$D$20)*$D$12,1),0)} -> 0
B18: {='DOMINGO'!B29} -> 0 | D18: {=SUM('DOMINGO'!D29,'LUNES'!D29,'MARTES'!D29,'MIÉRCOLES'!D29,'JUEVES'!D29,'VIERNES'!D29,'SÁBADO'!D29)} -> 0 | E18: {=(C5/D38)*D18} | F18: {=((C8-J5)/D20)*D18} | G18: {='DOMINGO'!I29+'LUNES'!I29+'MARTES'!I29+'MIÉRCOLES'!I29+'JUEVES'!I29+'VIERNES'!I29+'SÁBADO'!I29} -> 0 | H18: {=IF($D$12>0,MAX(($J$6/$D$20)*$D$12,1),0)} -> 0 | I18: {=IF($D$12>0,MAX(($J$7/$D$20)*$D$12,1),0)} -> 0
B19: {='DOMINGO'!B30} -> 0 | D19: {=SUM('DOMINGO'!D30,'LUNES'!D30,'MARTES'!D30,'MIÉRCOLES'!D30,'JUEVES'!D30,'VIERNES'!D30,'SÁBADO'!D30)} -> 0 | E19: {=(C5/D38)*D19} | F19: {=((C8-J5)/D20)*D19} | G19: {='DOMINGO'!I30+'LUNES'!I30+'MARTES'!I30+'MIÉRCOLES'!I30+'JUEVES'!I30+'VIERNES'!I30+'SÁBADO'!I30} -> 0 | H19: {=IF($D$12>0,MAX(($J$6/$D$20)*$D$12,1),0)} -> 0 | I19: {=IF($D$12>0,MAX(($J$7/$D$20)*$D$12,1),0)} -> 0
B20: TOTAL | D20: {=SUM(D12:D19)} -> 0 | E20: {=SUM(E12:E19)} | F20: {=SUM(F12:F19)} | G20: {=J5} -> 1 | H20: {=J6} | I20: {=J7}
A25: TOTAL DE SEMANA | C25: META | D25: VENTA NETA | E25: META UNIDADES | F25: VENTA UNIDADES | G25: CONVERSION (%) | H25: CRECIMIENTO CONVERSION (%) | J25: WEARABLES % | K25: KIDS% | L25: CAREKITS% | M25: SLP | N25: ONESIGHT
C26: {=C5} -> 0 | D26: {=G38} -> 0 | E26: {=C8} | F26: {=H38+J38} -> 0 | G26: {=E38/D38} | H26: {=G26-F6} | J26: {=J38/F26} | K26: {=L38/F26} | L26: {=M38/F26}
A29: COLABORADOR | C29: HORAS PROGRAMADAS | D29: INTERACCIONES DURANTE LA SEMANA | E29: CLIENTES CONVERTIDOS DURANTE LA SEMANA | F29: CONVERSION AL CIERRE DE SEMANA | G29: VENTA NETA AL CIERRE DE SEMANA | H29: UNIDADES ANALOGAS AL CIERRE DE SEMANA | I29: DEMOSTRACIONES WEARABLES AL CIERRE DE SEMANA | J29: UNIDADES WEARABLES AL CIERRE DE SEMANA | K29: CONVERSION WEREABLE AL CIERRE DE SEMANA | L29: KIDS AL CIERRE DE SEMANA | M29: CAREKITS AL CIERRE DE SEMANA
A30: {=B12} -> 0 | C30: {=D12} -> 0 | D30: {='DOMINGO'!E40+'LUNES'!E40+'MARTES'!E40+'MIÉRCOLES'!E40+'JUEVES'!E40+'VIERNES'!E40+'SÁBADO'!E40} -> 0 | E30: {='DOMINGO'!F40+'LUNES'!F40+'MARTES'!F40+'MIÉRCOLES'!F40+'JUEVES'!F40+'VIERNES'!F40+'SÁBADO'!F40} -> 0 | F30: {=_xlfn.IFERROR(E30/D30,"0")} -> 0 | G30: {='DOMINGO'!H40+'LUNES'!H40+'MARTES'!H40+'MIÉRCOLES'!H40+'JUEVES'!H40+'VIERNES'!H40+'SÁBADO'!H40} -> 0 | H30: {='DOMINGO'!I40+'LUNES'!I40+'MARTES'!I40+'MIÉRCOLES'!I40+'JUEVES'!I40+'VIERNES'!I40+'SÁBADO'!I40} -> 0 | I30: {='DOMINGO'!J40+'LUNES'!J40+'MARTES'!J40+'MIÉRCOLES'!J40+'JUEVES'!J40+'VIERNES'!J40+'SÁBADO'!J40} -> 0 | J30: {='DOMINGO'!K40+'LUNES'!K40+'MARTES'!K40+'MIÉRCOLES'!K40+'JUEVES'!K40+'VIERNES'!K40+'SÁBADO'!K40} -> 0 | K30: {=_xlfn.IFERROR(J30/I30,"0")} -> 0 | L30: {='DOMINGO'!M40+'LUNES'!M40+'MARTES'!M40+'MIÉRCOLES'!M40+'JUEVES'!M40+'VIERNES'!M40+'SÁBADO'!M40} -> 0 | M30: {='DOMINGO'!N40+'LUNES'!N40+'MARTES'!N40+'MIÉRCOLES'!N40+'JUEVES'!N40+'VIERNES'!N40+'SÁBADO'!N40} -> 0
A31: {=B13} -> 0 | C31: {=D13} -> 0 | D31: {='DOMINGO'!E41+'LUNES'!E41+'MARTES'!E41+'MIÉRCOLES'!E41+'JUEVES'!E41+'VIERNES'!E41+'SÁBADO'!E41} -> 0 | E31: {='DOMINGO'!F41+'LUNES'!F41+'MARTES'!F41+'MIÉRCOLES'!F41+'JUEVES'!F41+'VIERNES'!F41+'SÁBADO'!F41} -> 0 | F31: {=_xlfn.IFERROR(E31/D31,"0")} -> 0 | G31: {='DOMINGO'!H41+'LUNES'!H41+'MARTES'!H41+'MIÉRCOLES'!H41+'JUEVES'!H41+'VIERNES'!H41+'SÁBADO'!H41} -> 0 | H31: {='DOMINGO'!I41+'LUNES'!I41+'MARTES'!I41+'MIÉRCOLES'!I41+'JUEVES'!I41+'VIERNES'!I41+'SÁBADO'!I41} -> 0 | I31: {='DOMINGO'!J41+'LUNES'!J41+'MARTES'!J41+'MIÉRCOLES'!J41+'JUEVES'!J41+'VIERNES'!J41+'SÁBADO'!J41} -> 0 | J31: {='DOMINGO'!K41+'LUNES'!K41+'MARTES'!K41+'MIÉRCOLES'!K41+'JUEVES'!K41+'VIERNES'!K41+'SÁBADO'!K41} -> 0 | K31: {=_xlfn.IFERROR(J31/I31,"0")} -> 0 | L31: {='DOMINGO'!M41+'LUNES'!M41+'MARTES'!M41+'MIÉRCOLES'!M41+'JUEVES'!M41+'VIERNES'!M41+'SÁBADO'!M41} -> 0 | M31: {='DOMINGO'!N41+'LUNES'!N41+'MARTES'!N41+'MIÉRCOLES'!N41+'JUEVES'!N41+'VIERNES'!N41+'SÁBADO'!N41} -> 0
A32: {=B14} -> 0 | C32: {=D14} -> 0 | D32: {='DOMINGO'!E42+'LUNES'!E42+'MARTES'!E42+'MIÉRCOLES'!E42+'JUEVES'!E42+'VIERNES'!E42+'SÁBADO'!E42} -> 0 | E32: {='DOMINGO'!F42+'LUNES'!F42+'MARTES'!F42+'MIÉRCOLES'!F42+'JUEVES'!F42+'VIERNES'!F42+'SÁBADO'!F42} -> 0 | F32: {=_xlfn.IFERROR(E32/D32,"0")} -> 0 | G32: {='DOMINGO'!H42+'LUNES'!H42+'MARTES'!H42+'MIÉRCOLES'!H42+'JUEVES'!H42+'VIERNES'!H42+'SÁBADO'!H42} -> 0 | H32: {='DOMINGO'!I42+'LUNES'!I42+'MARTES'!I42+'MIÉRCOLES'!I42+'JUEVES'!I42+'VIERNES'!I42+'SÁBADO'!I42} -> 0 | I32: {='DOMINGO'!J42+'LUNES'!J42+'MARTES'!J42+'MIÉRCOLES'!J42+'JUEVES'!J42+'VIERNES'!J42+'SÁBADO'!J42} -> 0 | J32: {='DOMINGO'!K42+'LUNES'!K42+'MARTES'!K42+'MIÉRCOLES'!K42+'JUEVES'!K42+'VIERNES'!K42+'SÁBADO'!K42} -> 0 | K32: {=_xlfn.IFERROR(J32/I32,"0")} -> 0 | L32: {='DOMINGO'!M42+'LUNES'!M42+'MARTES'!M42+'MIÉRCOLES'!M42+'JUEVES'!M42+'VIERNES'!M42+'SÁBADO'!M42} -> 0 | M32: {='DOMINGO'!N42+'LUNES'!N42+'MARTES'!N42+'MIÉRCOLES'!N42+'JUEVES'!N42+'VIERNES'!N42+'SÁBADO'!N42} -> 0
A33: {=B15} -> 0 | C33: {=D15} -> 0 | D33: {='DOMINGO'!E43+'LUNES'!E43+'MARTES'!E43+'MIÉRCOLES'!E43+'JUEVES'!E43+'VIERNES'!E43+'SÁBADO'!E43} -> 0 | E33: {='DOMINGO'!F43+'LUNES'!F43+'MARTES'!F43+'MIÉRCOLES'!F43+'JUEVES'!F43+'VIERNES'!F43+'SÁBADO'!F43} -> 0 | F33: {=_xlfn.IFERROR(E33/D33,"0")} -> 0 | G33: {='DOMINGO'!H43+'LUNES'!H43+'MARTES'!H43+'MIÉRCOLES'!H43+'JUEVES'!H43+'VIERNES'!H43+'SÁBADO'!H43} -> 0 | H33: {='DOMINGO'!I43+'LUNES'!I43+'MARTES'!I43+'MIÉRCOLES'!I43+'JUEVES'!I43+'VIERNES'!I43+'SÁBADO'!I43} -> 0 | I33: {='DOMINGO'!J43+'LUNES'!J43+'MARTES'!J43+'MIÉRCOLES'!J43+'JUEVES'!J43+'VIERNES'!J43+'SÁBADO'!J43} -> 0 | J33: {='DOMINGO'!K43+'LUNES'!K43+'MARTES'!K43+'MIÉRCOLES'!K43+'JUEVES'!K43+'VIERNES'!K43+'SÁBADO'!K43} -> 0 | K33: {=_xlfn.IFERROR(J33/I33,"0")} -> 0 | L33: {='DOMINGO'!M43+'LUNES'!M43+'MARTES'!M43+'MIÉRCOLES'!M43+'JUEVES'!M43+'VIERNES'!M43+'SÁBADO'!M43} -> 0 | M33: {='DOMINGO'!N43+'LUNES'!N43+'MARTES'!N43+'MIÉRCOLES'!N43+'JUEVES'!N43+'VIERNES'!N43+'SÁBADO'!N43} -> 0
A34: {=B16} -> 0 | C34: {=D16} -> 0 | D34: {='DOMINGO'!E44+'LUNES'!E44+'MARTES'!E44+'MIÉRCOLES'!E44+'JUEVES'!E44+'VIERNES'!E44+'SÁBADO'!E44} -> 0 | E34: {='DOMINGO'!F44+'LUNES'!F44+'MARTES'!F44+'MIÉRCOLES'!F44+'JUEVES'!F44+'VIERNES'!F44+'SÁBADO'!F44} -> 0 | F34: {=_xlfn.IFERROR(E34/D34,"0")} -> 0 | G34: {='DOMINGO'!H44+'LUNES'!H44+'MARTES'!H44+'MIÉRCOLES'!H44+'JUEVES'!H44+'VIERNES'!H44+'SÁBADO'!H44} -> 0 | H34: {='DOMINGO'!I44+'LUNES'!I44+'MARTES'!I44+'MIÉRCOLES'!I44+'JUEVES'!I44+'VIERNES'!I44+'SÁBADO'!I44} -> 0 | I34: {='DOMINGO'!J44+'LUNES'!J44+'MARTES'!J44+'MIÉRCOLES'!J44+'JUEVES'!J44+'VIERNES'!J44+'SÁBADO'!J44} -> 0 | J34: {='DOMINGO'!K44+'LUNES'!K44+'MARTES'!K44+'MIÉRCOLES'!K44+'JUEVES'!K44+'VIERNES'!K44+'SÁBADO'!K44} -> 0 | K34: {=_xlfn.IFERROR(J34/I34,"0")} -> 0 | L34: {='DOMINGO'!M44+'LUNES'!M44+'MARTES'!M44+'MIÉRCOLES'!M44+'JUEVES'!M44+'VIERNES'!M44+'SÁBADO'!M44} -> 0 | M34: {='DOMINGO'!N44+'LUNES'!N44+'MARTES'!N44+'MIÉRCOLES'!N44+'JUEVES'!N44+'VIERNES'!N44+'SÁBADO'!N44} -> 0
A35: {=B17} -> 0 | C35: {=D17} -> 0 | D35: {='DOMINGO'!E45+'LUNES'!E45+'MARTES'!E45+'MIÉRCOLES'!E45+'JUEVES'!E45+'VIERNES'!E45+'SÁBADO'!E45} -> 0 | E35: {='DOMINGO'!F45+'LUNES'!F45+'MARTES'!F45+'MIÉRCOLES'!F45+'JUEVES'!F45+'VIERNES'!F45+'SÁBADO'!F45} -> 0 | F35: {=_xlfn.IFERROR(E35/D35,"0")} -> 0 | G35: {='DOMINGO'!H45+'LUNES'!H45+'MARTES'!H45+'MIÉRCOLES'!H45+'JUEVES'!H45+'VIERNES'!H45+'SÁBADO'!H45} -> 0 | H35: {='DOMINGO'!I45+'LUNES'!I45+'MARTES'!I45+'MIÉRCOLES'!I45+'JUEVES'!I45+'VIERNES'!I45+'SÁBADO'!I45} -> 0 | I35: {='DOMINGO'!J45+'LUNES'!J45+'MARTES'!J45+'MIÉRCOLES'!J45+'JUEVES'!J45+'VIERNES'!J45+'SÁBADO'!J45} -> 0 | J35: {='DOMINGO'!K45+'LUNES'!K45+'MARTES'!K45+'MIÉRCOLES'!K45+'JUEVES'!K45+'VIERNES'!K45+'SÁBADO'!K45} -> 0 | K35: {=_xlfn.IFERROR(J35/I35,"0")} -> 0 | L35: {='DOMINGO'!M45+'LUNES'!M45+'MARTES'!M45+'MIÉRCOLES'!M45+'JUEVES'!M45+'VIERNES'!M45+'SÁBADO'!M45} -> 0 | M35: {='DOMINGO'!N45+'LUNES'!N45+'MARTES'!N45+'MIÉRCOLES'!N45+'JUEVES'!N45+'VIERNES'!N45+'SÁBADO'!N45} -> 0
A36: {=B18} -> 0 | C36: {=D18} -> 0 | D36: {='DOMINGO'!E46+'LUNES'!E46+'MARTES'!E46+'MIÉRCOLES'!E46+'JUEVES'!E46+'VIERNES'!E46+'SÁBADO'!E46} -> 0 | E36: {='DOMINGO'!F46+'LUNES'!F46+'MARTES'!F46+'MIÉRCOLES'!F46+'JUEVES'!F46+'VIERNES'!F46+'SÁBADO'!F46} -> 0 | F36: {=_xlfn.IFERROR(E36/D36,"0")} -> 0 | G36: {='DOMINGO'!H46+'LUNES'!H46+'MARTES'!H46+'MIÉRCOLES'!H46+'JUEVES'!H46+'VIERNES'!H46+'SÁBADO'!H46} -> 0 | H36: {='DOMINGO'!I46+'LUNES'!I46+'MARTES'!I46+'MIÉRCOLES'!I46+'JUEVES'!I46+'VIERNES'!I46+'SÁBADO'!I46} -> 0 | I36: {='DOMINGO'!J46+'LUNES'!J46+'MARTES'!J46+'MIÉRCOLES'!J46+'JUEVES'!J46+'VIERNES'!J46+'SÁBADO'!J46} -> 0 | J36: {='DOMINGO'!K46+'LUNES'!K46+'MARTES'!K46+'MIÉRCOLES'!K46+'JUEVES'!K46+'VIERNES'!K46+'SÁBADO'!K46} -> 0 | K36: {=_xlfn.IFERROR(J36/I36,"0")} -> 0 | L36: {='DOMINGO'!M46+'LUNES'!M46+'MARTES'!M46+'MIÉRCOLES'!M46+'JUEVES'!M46+'VIERNES'!M46+'SÁBADO'!M46} -> 0 | M36: {='DOMINGO'!N46+'LUNES'!N46+'MARTES'!N46+'MIÉRCOLES'!N46+'JUEVES'!N46+'VIERNES'!N46+'SÁBADO'!N46} -> 0
A37: {=B19} -> 0 | C37: {=D19} -> 0 | D37: {='DOMINGO'!E47+'LUNES'!E47+'MARTES'!E47+'MIÉRCOLES'!E47+'JUEVES'!E47+'VIERNES'!E47+'SÁBADO'!E47} -> 0 | E37: {='DOMINGO'!F47+'LUNES'!F47+'MARTES'!F47+'MIÉRCOLES'!F47+'JUEVES'!F47+'VIERNES'!F47+'SÁBADO'!F47} -> 0 | F37: {=_xlfn.IFERROR(E37/D37,"0")} -> 0 | G37: {='DOMINGO'!H47+'LUNES'!H47+'MARTES'!H47+'MIÉRCOLES'!H47+'JUEVES'!H47+'VIERNES'!H47+'SÁBADO'!H47} -> 0 | H37: {='DOMINGO'!I47+'LUNES'!I47+'MARTES'!I47+'MIÉRCOLES'!I47+'JUEVES'!I47+'VIERNES'!I47+'SÁBADO'!I47} -> 0 | I37: {='DOMINGO'!J47+'LUNES'!J47+'MARTES'!J47+'MIÉRCOLES'!J47+'JUEVES'!J47+'VIERNES'!J47+'SÁBADO'!J47} -> 0 | J37: {='DOMINGO'!K47+'LUNES'!K47+'MARTES'!K47+'MIÉRCOLES'!K47+'JUEVES'!K47+'VIERNES'!K47+'SÁBADO'!K47} -> 0 | K37: {=_xlfn.IFERROR(J37/I37,"0")} -> 0 | L37: {='DOMINGO'!M47+'LUNES'!M47+'MARTES'!M47+'MIÉRCOLES'!M47+'JUEVES'!M47+'VIERNES'!M47+'SÁBADO'!M47} -> 0 | M37: {='DOMINGO'!N47+'LUNES'!N47+'MARTES'!N47+'MIÉRCOLES'!N47+'JUEVES'!N47+'VIERNES'!N47+'SÁBADO'!N47} -> 0
A38: TOTAL | C38: {=SUM(C30:C37)} -> 0 | D38: {=SUM(D30:D37)} -> 0 | E38: {=SUM(E30:E37)} -> 0 | F38: {=_xlfn.IFERROR(E38/D38,"0")} -> 0 | G38: {=SUM(G30:G37)} -> 0 | H38: {=SUM(H30:H37)} -> 0 | I38: {=SUM(I30:I37)} -> 0 | J38: {=SUM(J30:J37)} -> 0 | K38: {=_xlfn.IFERROR(J38/I38,"0")} -> 0 | L38: {=SUM(L30:L37)} -> 0 | M38: {=SUM(M30:M37)} -> 0
